DateKey,Date,Year,Quarter,Month,MonthName,MonthYear,Week,Day,DayOfWeek,IsWeekend,FiscalYear,Season,IsFestivalWindow
20220101,2022-01-01,2022,1,1,Jan,Jan-2022,52,1,Saturday,True,FY22,Winter,False
20220102,2022-01-02,2022,1,1,Jan,Jan-2022,52,2,Sunday,True,FY22,Winter,False
20220103,2022-01-03,2022,1,1,Jan,Jan-2022,1,3,Monday,False,FY22,Winter,False
20220104,2022-01-04,2022,1,1,Jan,Jan-2022,1,4,Tuesday,False,FY22,Winter,False
20220105,2022-01-05,2022,1,1,Jan,Jan-2022,1,5,Wednesday,False,FY22,Winter,False
20220106,2022-01-06,2022,1,1,Jan,Jan-2022,1,6,Thursday,False,FY22,Winter,False
20220107,2022-01-07,2022,1,1,Jan,Jan-2022,1,7,Friday,False,FY22,Winter,False
20220108,2022-01-08,2022,1,1,Jan,Jan-2022,1,8,Saturday,True,FY22,Winter,False
20220109,2022-01-09,2022,1,1,Jan,Jan-2022,1,9,Sunday,True,FY22,Winter,False
20220110,2022-01-10,2022,1,1,Jan,Jan-2022,2,10,Monday,False,FY22,Winter,False
20220111,2022-01-11,2022,1,1,Jan,Jan-2022,2,11,Tuesday,False,FY22,Winter,False
20220112,2022-01-12,2022,1,1,Jan,Jan-2022,2,12,Wednesday,False,FY22,Winter,False
20220113,2022-01-13,2022,1,1,Jan,Jan-2022,2,13,Thursday,False,FY22,Winter,False
20220114,2022-01-14,2022,1,1,Jan,Jan-2022,2,14,Friday,False,FY22,Winter,False
20220115,2022-01-15,2022,1,1,Jan,Jan-2022,2,15,Saturday,True,FY22,Winter,False
20220116,2022-01-16,2022,1,1,Jan,Jan-2022,2,16,Sunday,True,FY22,Winter,False
20220117,2022-01-17,2022,1,1,Jan,Jan-2022,3,17,Monday,False,FY22,Winter,False
20220118,2022-01-18,2022,1,1,Jan,Jan-2022,3,18,Tuesday,False,FY22,Winter,False
20220119,2022-01-19,2022,1,1,Jan,Jan-2022,3,19,Wednesday,False,FY22,Winter,False
20220120,2022-01-20,2022,1,1,Jan,Jan-2022,3,20,Thursday,False,FY22,Winter,False
20220121,2022-01-21,2022,1,1,Jan,Jan-2022,3,21,Friday,False,FY22,Winter,False
20220122,2022-01-22,2022,1,1,Jan,Jan-2022,3,22,Saturday,True,FY22,Winter,False
20220123,2022-01-23,2022,1,1,Jan,Jan-2022,3,23,Sunday,True,FY22,Winter,False
20220124,2022-01-24,2022,1,1,Jan,Jan-2022,4,24,Monday,False,FY22,Winter,False
20220125,2022-01-25,2022,1,1,Jan,Jan-2022,4,25,Tuesday,False,FY22,Winter,False
20220126,2022-01-26,2022,1,1,Jan,Jan-2022,4,26,Wednesday,False,FY22,Winter,False
20220127,2022-01-27,2022,1,1,Jan,Jan-2022,4,27,Thursday,False,FY22,Winter,False
20220128,2022-01-28,2022,1,1,Jan,Jan-2022,4,28,Friday,False,FY22,Winter,False
20220129,2022-01-29,2022,1,1,Jan,Jan-2022,4,29,Saturday,True,FY22,Winter,False
20220130,2022-01-30,2022,1,1,Jan,Jan-2022,4,30,Sunday,True,FY22,Winter,False
20220131,2022-01-31,2022,1,1,Jan,Jan-2022,5,31,Monday,False,FY22,Winter,False
20220201,2022-02-01,2022,1,2,Feb,Feb-2022,5,1,Tuesday,False,FY22,Winter,False
20220202,2022-02-02,2022,1,2,Feb,Feb-2022,5,2,Wednesday,False,FY22,Winter,False
20220203,2022-02-03,2022,1,2,Feb,Feb-2022,5,3,Thursday,False,FY22,Winter,False
20220204,2022-02-04,2022,1,2,Feb,Feb-2022,5,4,Friday,False,FY22,Winter,False
20220205,2022-02-05,2022,1,2,Feb,Feb-2022,5,5,Saturday,True,FY22,Winter,False
20220206,2022-02-06,2022,1,2,Feb,Feb-2022,5,6,Sunday,True,FY22,Winter,False
20220207,2022-02-07,2022,1,2,Feb,Feb-2022,6,7,Monday,False,FY22,Winter,False
20220208,2022-02-08,2022,1,2,Feb,Feb-2022,6,8,Tuesday,False,FY22,Winter,False
20220209,2022-02-09,2022,1,2,Feb,Feb-2022,6,9,Wednesday,False,FY22,Winter,False
20220210,2022-02-10,2022,1,2,Feb,Feb-2022,6,10,Thursday,False,FY22,Winter,False
20220211,2022-02-11,2022,1,2,Feb,Feb-2022,6,11,Friday,False,FY22,Winter,False
20220212,2022-02-12,2022,1,2,Feb,Feb-2022,6,12,Saturday,True,FY22,Winter,False
20220213,2022-02-13,2022,1,2,Feb,Feb-2022,6,13,Sunday,True,FY22,Winter,False
20220214,2022-02-14,2022,1,2,Feb,Feb-2022,7,14,Monday,False,FY22,Winter,False
20220215,2022-02-15,2022,1,2,Feb,Feb-2022,7,15,Tuesday,False,FY22,Winter,False
20220216,2022-02-16,2022,1,2,Feb,Feb-2022,7,16,Wednesday,False,FY22,Winter,False
20220217,2022-02-17,2022,1,2,Feb,Feb-2022,7,17,Thursday,False,FY22,Winter,False
20220218,2022-02-18,2022,1,2,Feb,Feb-2022,7,18,Friday,False,FY22,Winter,False
20220219,2022-02-19,2022,1,2,Feb,Feb-2022,7,19,Saturday,True,FY22,Winter,False
20220220,2022-02-20,2022,1,2,Feb,Feb-2022,7,20,Sunday,True,FY22,Winter,False
20220221,2022-02-21,2022,1,2,Feb,Feb-2022,8,21,Monday,False,FY22,Winter,False
20220222,2022-02-22,2022,1,2,Feb,Feb-2022,8,22,Tuesday,False,FY22,Winter,False
20220223,2022-02-23,2022,1,2,Feb,Feb-2022,8,23,Wednesday,False,FY22,Winter,False
20220224,2022-02-24,2022,1,2,Feb,Feb-2022,8,24,Thursday,False,FY22,Winter,False
20220225,2022-02-25,2022,1,2,Feb,Feb-2022,8,25,Friday,False,FY22,Winter,False
20220226,2022-02-26,2022,1,2,Feb,Feb-2022,8,26,Saturday,True,FY22,Winter,False
20220227,2022-02-27,2022,1,2,Feb,Feb-2022,8,27,Sunday,True,FY22,Winter,False
20220228,2022-02-28,2022,1,2,Feb,Feb-2022,9,28,Monday,False,FY22,Winter,False
20220301,2022-03-01,2022,1,3,Mar,Mar-2022,9,1,Tuesday,False,FY22,Summer,False
20220302,2022-03-02,2022,1,3,Mar,Mar-2022,9,2,Wednesday,False,FY22,Summer,False
20220303,2022-03-03,2022,1,3,Mar,Mar-2022,9,3,Thursday,False,FY22,Summer,False
20220304,2022-03-04,2022,1,3,Mar,Mar-2022,9,4,Friday,False,FY22,Summer,False
20220305,2022-03-05,2022,1,3,Mar,Mar-2022,9,5,Saturday,True,FY22,Summer,False
20220306,2022-03-06,2022,1,3,Mar,Mar-2022,9,6,Sunday,True,FY22,Summer,False
20220307,2022-03-07,2022,1,3,Mar,Mar-2022,10,7,Monday,False,FY22,Summer,False
20220308,2022-03-08,2022,1,3,Mar,Mar-2022,10,8,Tuesday,False,FY22,Summer,False
20220309,2022-03-09,2022,1,3,Mar,Mar-2022,10,9,Wednesday,False,FY22,Summer,False
20220310,2022-03-10,2022,1,3,Mar,Mar-2022,10,10,Thursday,False,FY22,Summer,False
20220311,2022-03-11,2022,1,3,Mar,Mar-2022,10,11,Friday,False,FY22,Summer,False
20220312,2022-03-12,2022,1,3,Mar,Mar-2022,10,12,Saturday,True,FY22,Summer,False
20220313,2022-03-13,2022,1,3,Mar,Mar-2022,10,13,Sunday,True,FY22,Summer,False
20220314,2022-03-14,2022,1,3,Mar,Mar-2022,11,14,Monday,False,FY22,Summer,False
20220315,2022-03-15,2022,1,3,Mar,Mar-2022,11,15,Tuesday,False,FY22,Summer,False
20220316,2022-03-16,2022,1,3,Mar,Mar-2022,11,16,Wednesday,False,FY22,Summer,False
20220317,2022-03-17,2022,1,3,Mar,Mar-2022,11,17,Thursday,False,FY22,Summer,False
20220318,2022-03-18,2022,1,3,Mar,Mar-2022,11,18,Friday,False,FY22,Summer,False
20220319,2022-03-19,2022,1,3,Mar,Mar-2022,11,19,Saturday,True,FY22,Summer,False
20220320,2022-03-20,2022,1,3,Mar,Mar-2022,11,20,Sunday,True,FY22,Summer,False
20220321,2022-03-21,2022,1,3,Mar,Mar-2022,12,21,Monday,False,FY22,Summer,False
20220322,2022-03-22,2022,1,3,Mar,Mar-2022,12,22,Tuesday,False,FY22,Summer,False
20220323,2022-03-23,2022,1,3,Mar,Mar-2022,12,23,Wednesday,False,FY22,Summer,False
20220324,2022-03-24,2022,1,3,Mar,Mar-2022,12,24,Thursday,False,FY22,Summer,False
20220325,2022-03-25,2022,1,3,Mar,Mar-2022,12,25,Friday,False,FY22,Summer,False
20220326,2022-03-26,2022,1,3,Mar,Mar-2022,12,26,Saturday,True,FY22,Summer,False
20220327,2022-03-27,2022,1,3,Mar,Mar-2022,12,27,Sunday,True,FY22,Summer,False
20220328,2022-03-28,2022,1,3,Mar,Mar-2022,13,28,Monday,False,FY22,Summer,False
20220329,2022-03-29,2022,1,3,Mar,Mar-2022,13,29,Tuesday,False,FY22,Summer,False
20220330,2022-03-30,2022,1,3,Mar,Mar-2022,13,30,Wednesday,False,FY22,Summer,False
20220331,2022-03-31,2022,1,3,Mar,Mar-2022,13,31,Thursday,False,FY22,Summer,False
20220401,2022-04-01,2022,2,4,Apr,Apr-2022,13,1,Friday,False,FY23,Summer,False
20220402,2022-04-02,2022,2,4,Apr,Apr-2022,13,2,Saturday,True,FY23,Summer,False
20220403,2022-04-03,2022,2,4,Apr,Apr-2022,13,3,Sunday,True,FY23,Summer,False
20220404,2022-04-04,2022,2,4,Apr,Apr-2022,14,4,Monday,False,FY23,Summer,False
20220405,2022-04-05,2022,2,4,Apr,Apr-2022,14,5,Tuesday,False,FY23,Summer,False
20220406,2022-04-06,2022,2,4,Apr,Apr-2022,14,6,Wednesday,False,FY23,Summer,False
20220407,2022-04-07,2022,2,4,Apr,Apr-2022,14,7,Thursday,False,FY23,Summer,False
20220408,2022-04-08,2022,2,4,Apr,Apr-2022,14,8,Friday,False,FY23,Summer,False
20220409,2022-04-09,2022,2,4,Apr,Apr-2022,14,9,Saturday,True,FY23,Summer,False
20220410,2022-04-10,2022,2,4,Apr,Apr-2022,14,10,Sunday,True,FY23,Summer,False
20220411,2022-04-11,2022,2,4,Apr,Apr-2022,15,11,Monday,False,FY23,Summer,False
20220412,2022-04-12,2022,2,4,Apr,Apr-2022,15,12,Tuesday,False,FY23,Summer,False
20220413,2022-04-13,2022,2,4,Apr,Apr-2022,15,13,Wednesday,False,FY23,Summer,False
20220414,2022-04-14,2022,2,4,Apr,Apr-2022,15,14,Thursday,False,FY23,Summer,False
20220415,2022-04-15,2022,2,4,Apr,Apr-2022,15,15,Friday,False,FY23,Summer,False
20220416,2022-04-16,2022,2,4,Apr,Apr-2022,15,16,Saturday,True,FY23,Summer,False
20220417,2022-04-17,2022,2,4,Apr,Apr-2022,15,17,Sunday,True,FY23,Summer,False
20220418,2022-04-18,2022,2,4,Apr,Apr-2022,16,18,Monday,False,FY23,Summer,False
20220419,2022-04-19,2022,2,4,Apr,Apr-2022,16,19,Tuesday,False,FY23,Summer,False
20220420,2022-04-20,2022,2,4,Apr,Apr-2022,16,20,Wednesday,False,FY23,Summer,False
20220421,2022-04-21,2022,2,4,Apr,Apr-2022,16,21,Thursday,False,FY23,Summer,False
20220422,2022-04-22,2022,2,4,Apr,Apr-2022,16,22,Friday,False,FY23,Summer,False
20220423,2022-04-23,2022,2,4,Apr,Apr-2022,16,23,Saturday,True,FY23,Summer,False
20220424,2022-04-24,2022,2,4,Apr,Apr-2022,16,24,Sunday,True,FY23,Summer,False
20220425,2022-04-25,2022,2,4,Apr,Apr-2022,17,25,Monday,False,FY23,Summer,False
20220426,2022-04-26,2022,2,4,Apr,Apr-2022,17,26,Tuesday,False,FY23,Summer,False
20220427,2022-04-27,2022,2,4,Apr,Apr-2022,17,27,Wednesday,False,FY23,Summer,False
20220428,2022-04-28,2022,2,4,Apr,Apr-2022,17,28,Thursday,False,FY23,Summer,False
20220429,2022-04-29,2022,2,4,Apr,Apr-2022,17,29,Friday,False,FY23,Summer,False
20220430,2022-04-30,2022,2,4,Apr,Apr-2022,17,30,Saturday,True,FY23,Summer,False
20220501,2022-05-01,2022,2,5,May,May-2022,17,1,Sunday,True,FY23,Summer,False
20220502,2022-05-02,2022,2,5,May,May-2022,18,2,Monday,False,FY23,Summer,False
20220503,2022-05-03,2022,2,5,May,May-2022,18,3,Tuesday,False,FY23,Summer,False
20220504,2022-05-04,2022,2,5,May,May-2022,18,4,Wednesday,False,FY23,Summer,False
20220505,2022-05-05,2022,2,5,May,May-2022,18,5,Thursday,False,FY23,Summer,False
20220506,2022-05-06,2022,2,5,May,May-2022,18,6,Friday,False,FY23,Summer,False
20220507,2022-05-07,2022,2,5,May,May-2022,18,7,Saturday,True,FY23,Summer,False
20220508,2022-05-08,2022,2,5,May,May-2022,18,8,Sunday,True,FY23,Summer,False
20220509,2022-05-09,2022,2,5,May,May-2022,19,9,Monday,False,FY23,Summer,False
20220510,2022-05-10,2022,2,5,May,May-2022,19,10,Tuesday,False,FY23,Summer,False
20220511,2022-05-11,2022,2,5,May,May-2022,19,11,Wednesday,False,FY23,Summer,False
20220512,2022-05-12,2022,2,5,May,May-2022,19,12,Thursday,False,FY23,Summer,False
20220513,2022-05-13,2022,2,5,May,May-2022,19,13,Friday,False,FY23,Summer,False
20220514,2022-05-14,2022,2,5,May,May-2022,19,14,Saturday,True,FY23,Summer,False
20220515,2022-05-15,2022,2,5,May,May-2022,19,15,Sunday,True,FY23,Summer,False
20220516,2022-05-16,2022,2,5,May,May-2022,20,16,Monday,False,FY23,Summer,False
20220517,2022-05-17,2022,2,5,May,May-2022,20,17,Tuesday,False,FY23,Summer,False
20220518,2022-05-18,2022,2,5,May,May-2022,20,18,Wednesday,False,FY23,Summer,False
20220519,2022-05-19,2022,2,5,May,May-2022,20,19,Thursday,False,FY23,Summer,False
20220520,2022-05-20,2022,2,5,May,May-2022,20,20,Friday,False,FY23,Summer,False
20220521,2022-05-21,2022,2,5,May,May-2022,20,21,Saturday,True,FY23,Summer,False
20220522,2022-05-22,2022,2,5,May,May-2022,20,22,Sunday,True,FY23,Summer,False
20220523,2022-05-23,2022,2,5,May,May-2022,21,23,Monday,False,FY23,Summer,False
20220524,2022-05-24,2022,2,5,May,May-2022,21,24,Tuesday,False,FY23,Summer,False
20220525,2022-05-25,2022,2,5,May,May-2022,21,25,Wednesday,False,FY23,Summer,False
20220526,2022-05-26,2022,2,5,May,May-2022,21,26,Thursday,False,FY23,Summer,False
20220527,2022-05-27,2022,2,5,May,May-2022,21,27,Friday,False,FY23,Summer,False
20220528,2022-05-28,2022,2,5,May,May-2022,21,28,Saturday,True,FY23,Summer,False
20220529,2022-05-29,2022,2,5,May,May-2022,21,29,Sunday,True,FY23,Summer,False
20220530,2022-05-30,2022,2,5,May,May-2022,22,30,Monday,False,FY23,Summer,False
20220531,2022-05-31,2022,2,5,May,May-2022,22,31,Tuesday,False,FY23,Summer,False
20220601,2022-06-01,2022,2,6,Jun,Jun-2022,22,1,Wednesday,False,FY23,Monsoon,False
20220602,2022-06-02,2022,2,6,Jun,Jun-2022,22,2,Thursday,False,FY23,Monsoon,False
20220603,2022-06-03,2022,2,6,Jun,Jun-2022,22,3,Friday,False,FY23,Monsoon,False
20220604,2022-06-04,2022,2,6,Jun,Jun-2022,22,4,Saturday,True,FY23,Monsoon,False
20220605,2022-06-05,2022,2,6,Jun,Jun-2022,22,5,Sunday,True,FY23,Monsoon,False
20220606,2022-06-06,2022,2,6,Jun,Jun-2022,23,6,Monday,False,FY23,Monsoon,False
20220607,2022-06-07,2022,2,6,Jun,Jun-2022,23,7,Tuesday,False,FY23,Monsoon,False
20220608,2022-06-08,2022,2,6,Jun,Jun-2022,23,8,Wednesday,False,FY23,Monsoon,False
20220609,2022-06-09,2022,2,6,Jun,Jun-2022,23,9,Thursday,False,FY23,Monsoon,False
20220610,2022-06-10,2022,2,6,Jun,Jun-2022,23,10,Friday,False,FY23,Monsoon,False
20220611,2022-06-11,2022,2,6,Jun,Jun-2022,23,11,Saturday,True,FY23,Monsoon,False
20220612,2022-06-12,2022,2,6,Jun,Jun-2022,23,12,Sunday,True,FY23,Monsoon,False
20220613,2022-06-13,2022,2,6,Jun,Jun-2022,24,13,Monday,False,FY23,Monsoon,False
20220614,2022-06-14,2022,2,6,Jun,Jun-2022,24,14,Tuesday,False,FY23,Monsoon,False
20220615,2022-06-15,2022,2,6,Jun,Jun-2022,24,15,Wednesday,False,FY23,Monsoon,False
20220616,2022-06-16,2022,2,6,Jun,Jun-2022,24,16,Thursday,False,FY23,Monsoon,False
20220617,2022-06-17,2022,2,6,Jun,Jun-2022,24,17,Friday,False,FY23,Monsoon,False
20220618,2022-06-18,2022,2,6,Jun,Jun-2022,24,18,Saturday,True,FY23,Monsoon,False
20220619,2022-06-19,2022,2,6,Jun,Jun-2022,24,19,Sunday,True,FY23,Monsoon,False
20220620,2022-06-20,2022,2,6,Jun,Jun-2022,25,20,Monday,False,FY23,Monsoon,False
20220621,2022-06-21,2022,2,6,Jun,Jun-2022,25,21,Tuesday,False,FY23,Monsoon,False
20220622,2022-06-22,2022,2,6,Jun,Jun-2022,25,22,Wednesday,False,FY23,Monsoon,False
20220623,2022-06-23,2022,2,6,Jun,Jun-2022,25,23,Thursday,False,FY23,Monsoon,False
20220624,2022-06-24,2022,2,6,Jun,Jun-2022,25,24,Friday,False,FY23,Monsoon,False
20220625,2022-06-25,2022,2,6,Jun,Jun-2022,25,25,Saturday,True,FY23,Monsoon,False
20220626,2022-06-26,2022,2,6,Jun,Jun-2022,25,26,Sunday,True,FY23,Monsoon,False
20220627,2022-06-27,2022,2,6,Jun,Jun-2022,26,27,Monday,False,FY23,Monsoon,False
20220628,2022-06-28,2022,2,6,Jun,Jun-2022,26,28,Tuesday,False,FY23,Monsoon,False
20220629,2022-06-29,2022,2,6,Jun,Jun-2022,26,29,Wednesday,False,FY23,Monsoon,False
20220630,2022-06-30,2022,2,6,Jun,Jun-2022,26,30,Thursday,False,FY23,Monsoon,False
20220701,2022-07-01,2022,3,7,Jul,Jul-2022,26,1,Friday,False,FY23,Monsoon,False
20220702,2022-07-02,2022,3,7,Jul,Jul-2022,26,2,Saturday,True,FY23,Monsoon,False
20220703,2022-07-03,2022,3,7,Jul,Jul-2022,26,3,Sunday,True,FY23,Monsoon,False
20220704,2022-07-04,2022,3,7,Jul,Jul-2022,27,4,Monday,False,FY23,Monsoon,False
20220705,2022-07-05,2022,3,7,Jul,Jul-2022,27,5,Tuesday,False,FY23,Monsoon,False
20220706,2022-07-06,2022,3,7,Jul,Jul-2022,27,6,Wednesday,False,FY23,Monsoon,False
20220707,2022-07-07,2022,3,7,Jul,Jul-2022,27,7,Thursday,False,FY23,Monsoon,False
20220708,2022-07-08,2022,3,7,Jul,Jul-2022,27,8,Friday,False,FY23,Monsoon,False
20220709,2022-07-09,2022,3,7,Jul,Jul-2022,27,9,Saturday,True,FY23,Monsoon,False
20220710,2022-07-10,2022,3,7,Jul,Jul-2022,27,10,Sunday,True,FY23,Monsoon,False
20220711,2022-07-11,2022,3,7,Jul,Jul-2022,28,11,Monday,False,FY23,Monsoon,False
20220712,2022-07-12,2022,3,7,Jul,Jul-2022,28,12,Tuesday,False,FY23,Monsoon,False
20220713,2022-07-13,2022,3,7,Jul,Jul-2022,28,13,Wednesday,False,FY23,Monsoon,False
20220714,2022-07-14,2022,3,7,Jul,Jul-2022,28,14,Thursday,False,FY23,Monsoon,False
20220715,2022-07-15,2022,3,7,Jul,Jul-2022,28,15,Friday,False,FY23,Monsoon,False
20220716,2022-07-16,2022,3,7,Jul,Jul-2022,28,16,Saturday,True,FY23,Monsoon,False
20220717,2022-07-17,2022,3,7,Jul,Jul-2022,28,17,Sunday,True,FY23,Monsoon,False
20220718,2022-07-18,2022,3,7,Jul,Jul-2022,29,18,Monday,False,FY23,Monsoon,False
20220719,2022-07-19,2022,3,7,Jul,Jul-2022,29,19,Tuesday,False,FY23,Monsoon,False
20220720,2022-07-20,2022,3,7,Jul,Jul-2022,29,20,Wednesday,False,FY23,Monsoon,False
20220721,2022-07-21,2022,3,7,Jul,Jul-2022,29,21,Thursday,False,FY23,Monsoon,False
20220722,2022-07-22,2022,3,7,Jul,Jul-2022,29,22,Friday,False,FY23,Monsoon,False
20220723,2022-07-23,2022,3,7,Jul,Jul-2022,29,23,Saturday,True,FY23,Monsoon,False
20220724,2022-07-24,2022,3,7,Jul,Jul-2022,29,24,Sunday,True,FY23,Monsoon,False
20220725,2022-07-25,2022,3,7,Jul,Jul-2022,30,25,Monday,False,FY23,Monsoon,False
20220726,2022-07-26,2022,3,7,Jul,Jul-2022,30,26,Tuesday,False,FY23,Monsoon,False
20220727,2022-07-27,2022,3,7,Jul,Jul-2022,30,27,Wednesday,False,FY23,Monsoon,False
20220728,2022-07-28,2022,3,7,Jul,Jul-2022,30,28,Thursday,False,FY23,Monsoon,False
20220729,2022-07-29,2022,3,7,Jul,Jul-2022,30,29,Friday,False,FY23,Monsoon,False
20220730,2022-07-30,2022,3,7,Jul,Jul-2022,30,30,Saturday,True,FY23,Monsoon,False
20220731,2022-07-31,2022,3,7,Jul,Jul-2022,30,31,Sunday,True,FY23,Monsoon,False
20220801,2022-08-01,2022,3,8,Aug,Aug-2022,31,1,Monday,False,FY23,Monsoon,False
20220802,2022-08-02,2022,3,8,Aug,Aug-2022,31,2,Tuesday,False,FY23,Monsoon,False
20220803,2022-08-03,2022,3,8,Aug,Aug-2022,31,3,Wednesday,False,FY23,Monsoon,False
20220804,2022-08-04,2022,3,8,Aug,Aug-2022,31,4,Thursday,False,FY23,Monsoon,False
20220805,2022-08-05,2022,3,8,Aug,Aug-2022,31,5,Friday,False,FY23,Monsoon,False
20220806,2022-08-06,2022,3,8,Aug,Aug-2022,31,6,Saturday,True,FY23,Monsoon,False
20220807,2022-08-07,2022,3,8,Aug,Aug-2022,31,7,Sunday,True,FY23,Monsoon,False
20220808,2022-08-08,2022,3,8,Aug,Aug-2022,32,8,Monday,False,FY23,Monsoon,False
20220809,2022-08-09,2022,3,8,Aug,Aug-2022,32,9,Tuesday,False,FY23,Monsoon,False
20220810,2022-08-10,2022,3,8,Aug,Aug-2022,32,10,Wednesday,False,FY23,Monsoon,False
20220811,2022-08-11,2022,3,8,Aug,Aug-2022,32,11,Thursday,False,FY23,Monsoon,False
20220812,2022-08-12,2022,3,8,Aug,Aug-2022,32,12,Friday,False,FY23,Monsoon,False
20220813,2022-08-13,2022,3,8,Aug,Aug-2022,32,13,Saturday,True,FY23,Monsoon,False
20220814,2022-08-14,2022,3,8,Aug,Aug-2022,32,14,Sunday,True,FY23,Monsoon,False
20220815,2022-08-15,2022,3,8,Aug,Aug-2022,33,15,Monday,False,FY23,Monsoon,False
20220816,2022-08-16,2022,3,8,Aug,Aug-2022,33,16,Tuesday,False,FY23,Monsoon,False
20220817,2022-08-17,2022,3,8,Aug,Aug-2022,33,17,Wednesday,False,FY23,Monsoon,False
20220818,2022-08-18,2022,3,8,Aug,Aug-2022,33,18,Thursday,False,FY23,Monsoon,False
20220819,2022-08-19,2022,3,8,Aug,Aug-2022,33,19,Friday,False,FY23,Monsoon,False
20220820,2022-08-20,2022,3,8,Aug,Aug-2022,33,20,Saturday,True,FY23,Monsoon,False
20220821,2022-08-21,2022,3,8,Aug,Aug-2022,33,21,Sunday,True,FY23,Monsoon,False
20220822,2022-08-22,2022,3,8,Aug,Aug-2022,34,22,Monday,False,FY23,Monsoon,False
20220823,2022-08-23,2022,3,8,Aug,Aug-2022,34,23,Tuesday,False,FY23,Monsoon,False
20220824,2022-08-24,2022,3,8,Aug,Aug-2022,34,24,Wednesday,False,FY23,Monsoon,False
20220825,2022-08-25,2022,3,8,Aug,Aug-2022,34,25,Thursday,False,FY23,Monsoon,False
20220826,2022-08-26,2022,3,8,Aug,Aug-2022,34,26,Friday,False,FY23,Monsoon,False
20220827,2022-08-27,2022,3,8,Aug,Aug-2022,34,27,Saturday,True,FY23,Monsoon,False
20220828,2022-08-28,2022,3,8,Aug,Aug-2022,34,28,Sunday,True,FY23,Monsoon,False
20220829,2022-08-29,2022,3,8,Aug,Aug-2022,35,29,Monday,False,FY23,Monsoon,False
20220830,2022-08-30,2022,3,8,Aug,Aug-2022,35,30,Tuesday,False,FY23,Monsoon,False
20220831,2022-08-31,2022,3,8,Aug,Aug-2022,35,31,Wednesday,False,FY23,Monsoon,False
20220901,2022-09-01,2022,3,9,Sep,Sep-2022,35,1,Thursday,False,FY23,Monsoon,False
20220902,2022-09-02,2022,3,9,Sep,Sep-2022,35,2,Friday,False,FY23,Monsoon,False
20220903,2022-09-03,2022,3,9,Sep,Sep-2022,35,3,Saturday,True,FY23,Monsoon,False
20220904,2022-09-04,2022,3,9,Sep,Sep-2022,35,4,Sunday,True,FY23,Monsoon,False
20220905,2022-09-05,2022,3,9,Sep,Sep-2022,36,5,Monday,False,FY23,Monsoon,False
20220906,2022-09-06,2022,3,9,Sep,Sep-2022,36,6,Tuesday,False,FY23,Monsoon,False
20220907,2022-09-07,2022,3,9,Sep,Sep-2022,36,7,Wednesday,False,FY23,Monsoon,False
20220908,2022-09-08,2022,3,9,Sep,Sep-2022,36,8,Thursday,False,FY23,Monsoon,False
20220909,2022-09-09,2022,3,9,Sep,Sep-2022,36,9,Friday,False,FY23,Monsoon,False
20220910,2022-09-10,2022,3,9,Sep,Sep-2022,36,10,Saturday,True,FY23,Monsoon,False
20220911,2022-09-11,2022,3,9,Sep,Sep-2022,36,11,Sunday,True,FY23,Monsoon,False
20220912,2022-09-12,2022,3,9,Sep,Sep-2022,37,12,Monday,False,FY23,Monsoon,False
20220913,2022-09-13,2022,3,9,Sep,Sep-2022,37,13,Tuesday,False,FY23,Monsoon,False
20220914,2022-09-14,2022,3,9,Sep,Sep-2022,37,14,Wednesday,False,FY23,Monsoon,False
20220915,2022-09-15,2022,3,9,Sep,Sep-2022,37,15,Thursday,False,FY23,Monsoon,False
20220916,2022-09-16,2022,3,9,Sep,Sep-2022,37,16,Friday,False,FY23,Monsoon,False
20220917,2022-09-17,2022,3,9,Sep,Sep-2022,37,17,Saturday,True,FY23,Monsoon,False
20220918,2022-09-18,2022,3,9,Sep,Sep-2022,37,18,Sunday,True,FY23,Monsoon,False
20220919,2022-09-19,2022,3,9,Sep,Sep-2022,38,19,Monday,False,FY23,Monsoon,False
20220920,2022-09-20,2022,3,9,Sep,Sep-2022,38,20,Tuesday,False,FY23,Monsoon,False
20220921,2022-09-21,2022,3,9,Sep,Sep-2022,38,21,Wednesday,False,FY23,Monsoon,False
20220922,2022-09-22,2022,3,9,Sep,Sep-2022,38,22,Thursday,False,FY23,Monsoon,False
20220923,2022-09-23,2022,3,9,Sep,Sep-2022,38,23,Friday,False,FY23,Monsoon,False
20220924,2022-09-24,2022,3,9,Sep,Sep-2022,38,24,Saturday,True,FY23,Monsoon,False
20220925,2022-09-25,2022,3,9,Sep,Sep-2022,38,25,Sunday,True,FY23,Monsoon,False
20220926,2022-09-26,2022,3,9,Sep,Sep-2022,39,26,Monday,False,FY23,Monsoon,True
20220927,2022-09-27,2022,3,9,Sep,Sep-2022,39,27,Tuesday,False,FY23,Monsoon,True
20220928,2022-09-28,2022,3,9,Sep,Sep-2022,39,28,Wednesday,False,FY23,Monsoon,True
20220929,2022-09-29,2022,3,9,Sep,Sep-2022,39,29,Thursday,False,FY23,Monsoon,True
20220930,2022-09-30,2022,3,9,Sep,Sep-2022,39,30,Friday,False,FY23,Monsoon,True
20221001,2022-10-01,2022,4,10,Oct,Oct-2022,39,1,Saturday,True,FY23,Autumn,True
20221002,2022-10-02,2022,4,10,Oct,Oct-2022,39,2,Sunday,True,FY23,Autumn,True
20221003,2022-10-03,2022,4,10,Oct,Oct-2022,40,3,Monday,False,FY23,Autumn,True
20221004,2022-10-04,2022,4,10,Oct,Oct-2022,40,4,Tuesday,False,FY23,Autumn,True
20221005,2022-10-05,2022,4,10,Oct,Oct-2022,40,5,Wednesday,False,FY23,Autumn,True
20221006,2022-10-06,2022,4,10,Oct,Oct-2022,40,6,Thursday,False,FY23,Autumn,False
20221007,2022-10-07,2022,4,10,Oct,Oct-2022,40,7,Friday,False,FY23,Autumn,False
20221008,2022-10-08,2022,4,10,Oct,Oct-2022,40,8,Saturday,True,FY23,Autumn,False
20221009,2022-10-09,2022,4,10,Oct,Oct-2022,40,9,Sunday,True,FY23,Autumn,False
20221010,2022-10-10,2022,4,10,Oct,Oct-2022,41,10,Monday,False,FY23,Autumn,False
20221011,2022-10-11,2022,4,10,Oct,Oct-2022,41,11,Tuesday,False,FY23,Autumn,False
20221012,2022-10-12,2022,4,10,Oct,Oct-2022,41,12,Wednesday,False,FY23,Autumn,False
20221013,2022-10-13,2022,4,10,Oct,Oct-2022,41,13,Thursday,False,FY23,Autumn,False
20221014,2022-10-14,2022,4,10,Oct,Oct-2022,41,14,Friday,False,FY23,Autumn,True
20221015,2022-10-15,2022,4,10,Oct,Oct-2022,41,15,Saturday,True,FY23,Autumn,True
20221016,2022-10-16,2022,4,10,Oct,Oct-2022,41,16,Sunday,True,FY23,Autumn,True
20221017,2022-10-17,2022,4,10,Oct,Oct-2022,42,17,Monday,False,FY23,Autumn,True
20221018,2022-10-18,2022,4,10,Oct,Oct-2022,42,18,Tuesday,False,FY23,Autumn,True
20221019,2022-10-19,2022,4,10,Oct,Oct-2022,42,19,Wednesday,False,FY23,Autumn,True
20221020,2022-10-20,2022,4,10,Oct,Oct-2022,42,20,Thursday,False,FY23,Autumn,True
20221021,2022-10-21,2022,4,10,Oct,Oct-2022,42,21,Friday,False,FY23,Autumn,True
20221022,2022-10-22,2022,4,10,Oct,Oct-2022,42,22,Saturday,True,FY23,Autumn,True
20221023,2022-10-23,2022,4,10,Oct,Oct-2022,42,23,Sunday,True,FY23,Autumn,True
20221024,2022-10-24,2022,4,10,Oct,Oct-2022,43,24,Monday,False,FY23,Autumn,True
20221025,2022-10-25,2022,4,10,Oct,Oct-2022,43,25,Tuesday,False,FY23,Autumn,True
20221026,2022-10-26,2022,4,10,Oct,Oct-2022,43,26,Wednesday,False,FY23,Autumn,True
20221027,2022-10-27,2022,4,10,Oct,Oct-2022,43,27,Thursday,False,FY23,Autumn,True
20221028,2022-10-28,2022,4,10,Oct,Oct-2022,43,28,Friday,False,FY23,Autumn,False
20221029,2022-10-29,2022,4,10,Oct,Oct-2022,43,29,Saturday,True,FY23,Autumn,False
20221030,2022-10-30,2022,4,10,Oct,Oct-2022,43,30,Sunday,True,FY23,Autumn,False
20221031,2022-10-31,2022,4,10,Oct,Oct-2022,44,31,Monday,False,FY23,Autumn,False
20221101,2022-11-01,2022,4,11,Nov,Nov-2022,44,1,Tuesday,False,FY23,Winter,False
20221102,2022-11-02,2022,4,11,Nov,Nov-2022,44,2,Wednesday,False,FY23,Winter,False
20221103,2022-11-03,2022,4,11,Nov,Nov-2022,44,3,Thursday,False,FY23,Winter,False
20221104,2022-11-04,2022,4,11,Nov,Nov-2022,44,4,Friday,False,FY23,Winter,False
20221105,2022-11-05,2022,4,11,Nov,Nov-2022,44,5,Saturday,True,FY23,Winter,False
20221106,2022-11-06,2022,4,11,Nov,Nov-2022,44,6,Sunday,True,FY23,Winter,False
20221107,2022-11-07,2022,4,11,Nov,Nov-2022,45,7,Monday,False,FY23,Winter,False
20221108,2022-11-08,2022,4,11,Nov,Nov-2022,45,8,Tuesday,False,FY23,Winter,False
20221109,2022-11-09,2022,4,11,Nov,Nov-2022,45,9,Wednesday,False,FY23,Winter,False
20221110,2022-11-10,2022,4,11,Nov,Nov-2022,45,10,Thursday,False,FY23,Winter,False
20221111,2022-11-11,2022,4,11,Nov,Nov-2022,45,11,Friday,False,FY23,Winter,False
20221112,2022-11-12,2022,4,11,Nov,Nov-2022,45,12,Saturday,True,FY23,Winter,False
20221113,2022-11-13,2022,4,11,Nov,Nov-2022,45,13,Sunday,True,FY23,Winter,False
20221114,2022-11-14,2022,4,11,Nov,Nov-2022,46,14,Monday,False,FY23,Winter,False
20221115,2022-11-15,2022,4,11,Nov,Nov-2022,46,15,Tuesday,False,FY23,Winter,False
20221116,2022-11-16,2022,4,11,Nov,Nov-2022,46,16,Wednesday,False,FY23,Winter,False
20221117,2022-11-17,2022,4,11,Nov,Nov-2022,46,17,Thursday,False,FY23,Winter,False
20221118,2022-11-18,2022,4,11,Nov,Nov-2022,46,18,Friday,False,FY23,Winter,False
20221119,2022-11-19,2022,4,11,Nov,Nov-2022,46,19,Saturday,True,FY23,Winter,False
20221120,2022-11-20,2022,4,11,Nov,Nov-2022,46,20,Sunday,True,FY23,Winter,False
20221121,2022-11-21,2022,4,11,Nov,Nov-2022,47,21,Monday,False,FY23,Winter,False
20221122,2022-11-22,2022,4,11,Nov,Nov-2022,47,22,Tuesday,False,FY23,Winter,False
20221123,2022-11-23,2022,4,11,Nov,Nov-2022,47,23,Wednesday,False,FY23,Winter,False
20221124,2022-11-24,2022,4,11,Nov,Nov-2022,47,24,Thursday,False,FY23,Winter,False
20221125,2022-11-25,2022,4,11,Nov,Nov-2022,47,25,Friday,False,FY23,Winter,False
20221126,2022-11-26,2022,4,11,Nov,Nov-2022,47,26,Saturday,True,FY23,Winter,False
20221127,2022-11-27,2022,4,11,Nov,Nov-2022,47,27,Sunday,True,FY23,Winter,False
20221128,2022-11-28,2022,4,11,Nov,Nov-2022,48,28,Monday,False,FY23,Winter,False
20221129,2022-11-29,2022,4,11,Nov,Nov-2022,48,29,Tuesday,False,FY23,Winter,False
20221130,2022-11-30,2022,4,11,Nov,Nov-2022,48,30,Wednesday,False,FY23,Winter,False
20221201,2022-12-01,2022,4,12,Dec,Dec-2022,48,1,Thursday,False,FY23,Winter,False
20221202,2022-12-02,2022,4,12,Dec,Dec-2022,48,2,Friday,False,FY23,Winter,False
20221203,2022-12-03,2022,4,12,Dec,Dec-2022,48,3,Saturday,True,FY23,Winter,False
20221204,2022-12-04,2022,4,12,Dec,Dec-2022,48,4,Sunday,True,FY23,Winter,False
20221205,2022-12-05,2022,4,12,Dec,Dec-2022,49,5,Monday,False,FY23,Winter,False
20221206,2022-12-06,2022,4,12,Dec,Dec-2022,49,6,Tuesday,False,FY23,Winter,False
20221207,2022-12-07,2022,4,12,Dec,Dec-2022,49,7,Wednesday,False,FY23,Winter,False
20221208,2022-12-08,2022,4,12,Dec,Dec-2022,49,8,Thursday,False,FY23,Winter,False
20221209,2022-12-09,2022,4,12,Dec,Dec-2022,49,9,Friday,False,FY23,Winter,False
20221210,2022-12-10,2022,4,12,Dec,Dec-2022,49,10,Saturday,True,FY23,Winter,False
20221211,2022-12-11,2022,4,12,Dec,Dec-2022,49,11,Sunday,True,FY23,Winter,False
20221212,2022-12-12,2022,4,12,Dec,Dec-2022,50,12,Monday,False,FY23,Winter,False
20221213,2022-12-13,2022,4,12,Dec,Dec-2022,50,13,Tuesday,False,FY23,Winter,False
20221214,2022-12-14,2022,4,12,Dec,Dec-2022,50,14,Wednesday,False,FY23,Winter,False
20221215,2022-12-15,2022,4,12,Dec,Dec-2022,50,15,Thursday,False,FY23,Winter,False
20221216,2022-12-16,2022,4,12,Dec,Dec-2022,50,16,Friday,False,FY23,Winter,False
20221217,2022-12-17,2022,4,12,Dec,Dec-2022,50,17,Saturday,True,FY23,Winter,False
20221218,2022-12-18,2022,4,12,Dec,Dec-2022,50,18,Sunday,True,FY23,Winter,False
20221219,2022-12-19,2022,4,12,Dec,Dec-2022,51,19,Monday,False,FY23,Winter,False
20221220,2022-12-20,2022,4,12,Dec,Dec-2022,51,20,Tuesday,False,FY23,Winter,False
20221221,2022-12-21,2022,4,12,Dec,Dec-2022,51,21,Wednesday,False,FY23,Winter,False
20221222,2022-12-22,2022,4,12,Dec,Dec-2022,51,22,Thursday,False,FY23,Winter,False
20221223,2022-12-23,2022,4,12,Dec,Dec-2022,51,23,Friday,False,FY23,Winter,False
20221224,2022-12-24,2022,4,12,Dec,Dec-2022,51,24,Saturday,True,FY23,Winter,False
20221225,2022-12-25,2022,4,12,Dec,Dec-2022,51,25,Sunday,True,FY23,Winter,False
20221226,2022-12-26,2022,4,12,Dec,Dec-2022,52,26,Monday,False,FY23,Winter,False
20221227,2022-12-27,2022,4,12,Dec,Dec-2022,52,27,Tuesday,False,FY23,Winter,False
20221228,2022-12-28,2022,4,12,Dec,Dec-2022,52,28,Wednesday,False,FY23,Winter,False
20221229,2022-12-29,2022,4,12,Dec,Dec-2022,52,29,Thursday,False,FY23,Winter,False
20221230,2022-12-30,2022,4,12,Dec,Dec-2022,52,30,Friday,False,FY23,Winter,False
20221231,2022-12-31,2022,4,12,Dec,Dec-2022,52,31,Saturday,True,FY23,Winter,False
20230101,2023-01-01,2023,1,1,Jan,Jan-2023,52,1,Sunday,True,FY23,Winter,False
20230102,2023-01-02,2023,1,1,Jan,Jan-2023,1,2,Monday,False,FY23,Winter,False
20230103,2023-01-03,2023,1,1,Jan,Jan-2023,1,3,Tuesday,False,FY23,Winter,False
20230104,2023-01-04,2023,1,1,Jan,Jan-2023,1,4,Wednesday,False,FY23,Winter,False
20230105,2023-01-05,2023,1,1,Jan,Jan-2023,1,5,Thursday,False,FY23,Winter,False
20230106,2023-01-06,2023,1,1,Jan,Jan-2023,1,6,Friday,False,FY23,Winter,False
20230107,2023-01-07,2023,1,1,Jan,Jan-2023,1,7,Saturday,True,FY23,Winter,False
20230108,2023-01-08,2023,1,1,Jan,Jan-2023,1,8,Sunday,True,FY23,Winter,False
20230109,2023-01-09,2023,1,1,Jan,Jan-2023,2,9,Monday,False,FY23,Winter,False
20230110,2023-01-10,2023,1,1,Jan,Jan-2023,2,10,Tuesday,False,FY23,Winter,False
20230111,2023-01-11,2023,1,1,Jan,Jan-2023,2,11,Wednesday,False,FY23,Winter,False
20230112,2023-01-12,2023,1,1,Jan,Jan-2023,2,12,Thursday,False,FY23,Winter,False
20230113,2023-01-13,2023,1,1,Jan,Jan-2023,2,13,Friday,False,FY23,Winter,False
20230114,2023-01-14,2023,1,1,Jan,Jan-2023,2,14,Saturday,True,FY23,Winter,False
20230115,2023-01-15,2023,1,1,Jan,Jan-2023,2,15,Sunday,True,FY23,Winter,False
20230116,2023-01-16,2023,1,1,Jan,Jan-2023,3,16,Monday,False,FY23,Winter,False
20230117,2023-01-17,2023,1,1,Jan,Jan-2023,3,17,Tuesday,False,FY23,Winter,False
20230118,2023-01-18,2023,1,1,Jan,Jan-2023,3,18,Wednesday,False,FY23,Winter,False
20230119,2023-01-19,2023,1,1,Jan,Jan-2023,3,19,Thursday,False,FY23,Winter,False
20230120,2023-01-20,2023,1,1,Jan,Jan-2023,3,20,Friday,False,FY23,Winter,False
20230121,2023-01-21,2023,1,1,Jan,Jan-2023,3,21,Saturday,True,FY23,Winter,False
20230122,2023-01-22,2023,1,1,Jan,Jan-2023,3,22,Sunday,True,FY23,Winter,False
20230123,2023-01-23,2023,1,1,Jan,Jan-2023,4,23,Monday,False,FY23,Winter,False
20230124,2023-01-24,2023,1,1,Jan,Jan-2023,4,24,Tuesday,False,FY23,Winter,False
20230125,2023-01-25,2023,1,1,Jan,Jan-2023,4,25,Wednesday,False,FY23,Winter,False
20230126,2023-01-26,2023,1,1,Jan,Jan-2023,4,26,Thursday,False,FY23,Winter,False
20230127,2023-01-27,2023,1,1,Jan,Jan-2023,4,27,Friday,False,FY23,Winter,False
20230128,2023-01-28,2023,1,1,Jan,Jan-2023,4,28,Saturday,True,FY23,Winter,False
20230129,2023-01-29,2023,1,1,Jan,Jan-2023,4,29,Sunday,True,FY23,Winter,False
20230130,2023-01-30,2023,1,1,Jan,Jan-2023,5,30,Monday,False,FY23,Winter,False
20230131,2023-01-31,2023,1,1,Jan,Jan-2023,5,31,Tuesday,False,FY23,Winter,False
20230201,2023-02-01,2023,1,2,Feb,Feb-2023,5,1,Wednesday,False,FY23,Winter,False
20230202,2023-02-02,2023,1,2,Feb,Feb-2023,5,2,Thursday,False,FY23,Winter,False
20230203,2023-02-03,2023,1,2,Feb,Feb-2023,5,3,Friday,False,FY23,Winter,False
20230204,2023-02-04,2023,1,2,Feb,Feb-2023,5,4,Saturday,True,FY23,Winter,False
20230205,2023-02-05,2023,1,2,Feb,Feb-2023,5,5,Sunday,True,FY23,Winter,False
20230206,2023-02-06,2023,1,2,Feb,Feb-2023,6,6,Monday,False,FY23,Winter,False
20230207,2023-02-07,2023,1,2,Feb,Feb-2023,6,7,Tuesday,False,FY23,Winter,False
20230208,2023-02-08,2023,1,2,Feb,Feb-2023,6,8,Wednesday,False,FY23,Winter,False
20230209,2023-02-09,2023,1,2,Feb,Feb-2023,6,9,Thursday,False,FY23,Winter,False
20230210,2023-02-10,2023,1,2,Feb,Feb-2023,6,10,Friday,False,FY23,Winter,False
20230211,2023-02-11,2023,1,2,Feb,Feb-2023,6,11,Saturday,True,FY23,Winter,False
20230212,2023-02-12,2023,1,2,Feb,Feb-2023,6,12,Sunday,True,FY23,Winter,False
20230213,2023-02-13,2023,1,2,Feb,Feb-2023,7,13,Monday,False,FY23,Winter,False
20230214,2023-02-14,2023,1,2,Feb,Feb-2023,7,14,Tuesday,False,FY23,Winter,False
20230215,2023-02-15,2023,1,2,Feb,Feb-2023,7,15,Wednesday,False,FY23,Winter,False
20230216,2023-02-16,2023,1,2,Feb,Feb-2023,7,16,Thursday,False,FY23,Winter,False
20230217,2023-02-17,2023,1,2,Feb,Feb-2023,7,17,Friday,False,FY23,Winter,False
20230218,2023-02-18,2023,1,2,Feb,Feb-2023,7,18,Saturday,True,FY23,Winter,False
20230219,2023-02-19,2023,1,2,Feb,Feb-2023,7,19,Sunday,True,FY23,Winter,False
20230220,2023-02-20,2023,1,2,Feb,Feb-2023,8,20,Monday,False,FY23,Winter,False
20230221,2023-02-21,2023,1,2,Feb,Feb-2023,8,21,Tuesday,False,FY23,Winter,False
20230222,2023-02-22,2023,1,2,Feb,Feb-2023,8,22,Wednesday,False,FY23,Winter,False
20230223,2023-02-23,2023,1,2,Feb,Feb-2023,8,23,Thursday,False,FY23,Winter,False
20230224,2023-02-24,2023,1,2,Feb,Feb-2023,8,24,Friday,False,FY23,Winter,False
20230225,2023-02-25,2023,1,2,Feb,Feb-2023,8,25,Saturday,True,FY23,Winter,False
20230226,2023-02-26,2023,1,2,Feb,Feb-2023,8,26,Sunday,True,FY23,Winter,False
20230227,2023-02-27,2023,1,2,Feb,Feb-2023,9,27,Monday,False,FY23,Winter,False
20230228,2023-02-28,2023,1,2,Feb,Feb-2023,9,28,Tuesday,False,FY23,Winter,False
20230301,2023-03-01,2023,1,3,Mar,Mar-2023,9,1,Wednesday,False,FY23,Summer,False
20230302,2023-03-02,2023,1,3,Mar,Mar-2023,9,2,Thursday,False,FY23,Summer,False
20230303,2023-03-03,2023,1,3,Mar,Mar-2023,9,3,Friday,False,FY23,Summer,False
20230304,2023-03-04,2023,1,3,Mar,Mar-2023,9,4,Saturday,True,FY23,Summer,False
20230305,2023-03-05,2023,1,3,Mar,Mar-2023,9,5,Sunday,True,FY23,Summer,False
20230306,2023-03-06,2023,1,3,Mar,Mar-2023,10,6,Monday,False,FY23,Summer,False
20230307,2023-03-07,2023,1,3,Mar,Mar-2023,10,7,Tuesday,False,FY23,Summer,False
20230308,2023-03-08,2023,1,3,Mar,Mar-2023,10,8,Wednesday,False,FY23,Summer,False
20230309,2023-03-09,2023,1,3,Mar,Mar-2023,10,9,Thursday,False,FY23,Summer,False
20230310,2023-03-10,2023,1,3,Mar,Mar-2023,10,10,Friday,False,FY23,Summer,False
20230311,2023-03-11,2023,1,3,Mar,Mar-2023,10,11,Saturday,True,FY23,Summer,False
20230312,2023-03-12,2023,1,3,Mar,Mar-2023,10,12,Sunday,True,FY23,Summer,False
20230313,2023-03-13,2023,1,3,Mar,Mar-2023,11,13,Monday,False,FY23,Summer,False
20230314,2023-03-14,2023,1,3,Mar,Mar-2023,11,14,Tuesday,False,FY23,Summer,False
20230315,2023-03-15,2023,1,3,Mar,Mar-2023,11,15,Wednesday,False,FY23,Summer,False
20230316,2023-03-16,2023,1,3,Mar,Mar-2023,11,16,Thursday,False,FY23,Summer,False
20230317,2023-03-17,2023,1,3,Mar,Mar-2023,11,17,Friday,False,FY23,Summer,False
20230318,2023-03-18,2023,1,3,Mar,Mar-2023,11,18,Saturday,True,FY23,Summer,False
20230319,2023-03-19,2023,1,3,Mar,Mar-2023,11,19,Sunday,True,FY23,Summer,False
20230320,2023-03-20,2023,1,3,Mar,Mar-2023,12,20,Monday,False,FY23,Summer,False
20230321,2023-03-21,2023,1,3,Mar,Mar-2023,12,21,Tuesday,False,FY23,Summer,False
20230322,2023-03-22,2023,1,3,Mar,Mar-2023,12,22,Wednesday,False,FY23,Summer,False
20230323,2023-03-23,2023,1,3,Mar,Mar-2023,12,23,Thursday,False,FY23,Summer,False
20230324,2023-03-24,2023,1,3,Mar,Mar-2023,12,24,Friday,False,FY23,Summer,False
20230325,2023-03-25,2023,1,3,Mar,Mar-2023,12,25,Saturday,True,FY23,Summer,False
20230326,2023-03-26,2023,1,3,Mar,Mar-2023,12,26,Sunday,True,FY23,Summer,False
20230327,2023-03-27,2023,1,3,Mar,Mar-2023,13,27,Monday,False,FY23,Summer,False
20230328,2023-03-28,2023,1,3,Mar,Mar-2023,13,28,Tuesday,False,FY23,Summer,False
20230329,2023-03-29,2023,1,3,Mar,Mar-2023,13,29,Wednesday,False,FY23,Summer,False
20230330,2023-03-30,2023,1,3,Mar,Mar-2023,13,30,Thursday,False,FY23,Summer,False
20230331,2023-03-31,2023,1,3,Mar,Mar-2023,13,31,Friday,False,FY23,Summer,False
20230401,2023-04-01,2023,2,4,Apr,Apr-2023,13,1,Saturday,True,FY24,Summer,False
20230402,2023-04-02,2023,2,4,Apr,Apr-2023,13,2,Sunday,True,FY24,Summer,False
20230403,2023-04-03,2023,2,4,Apr,Apr-2023,14,3,Monday,False,FY24,Summer,False
20230404,2023-04-04,2023,2,4,Apr,Apr-2023,14,4,Tuesday,False,FY24,Summer,False
20230405,2023-04-05,2023,2,4,Apr,Apr-2023,14,5,Wednesday,False,FY24,Summer,False
20230406,2023-04-06,2023,2,4,Apr,Apr-2023,14,6,Thursday,False,FY24,Summer,False
20230407,2023-04-07,2023,2,4,Apr,Apr-2023,14,7,Friday,False,FY24,Summer,False
20230408,2023-04-08,2023,2,4,Apr,Apr-2023,14,8,Saturday,True,FY24,Summer,False
20230409,2023-04-09,2023,2,4,Apr,Apr-2023,14,9,Sunday,True,FY24,Summer,False
20230410,2023-04-10,2023,2,4,Apr,Apr-2023,15,10,Monday,False,FY24,Summer,False
20230411,2023-04-11,2023,2,4,Apr,Apr-2023,15,11,Tuesday,False,FY24,Summer,False
20230412,2023-04-12,2023,2,4,Apr,Apr-2023,15,12,Wednesday,False,FY24,Summer,False
20230413,2023-04-13,2023,2,4,Apr,Apr-2023,15,13,Thursday,False,FY24,Summer,False
20230414,2023-04-14,2023,2,4,Apr,Apr-2023,15,14,Friday,False,FY24,Summer,False
20230415,2023-04-15,2023,2,4,Apr,Apr-2023,15,15,Saturday,True,FY24,Summer,False
20230416,2023-04-16,2023,2,4,Apr,Apr-2023,15,16,Sunday,True,FY24,Summer,False
20230417,2023-04-17,2023,2,4,Apr,Apr-2023,16,17,Monday,False,FY24,Summer,False
20230418,2023-04-18,2023,2,4,Apr,Apr-2023,16,18,Tuesday,False,FY24,Summer,False
20230419,2023-04-19,2023,2,4,Apr,Apr-2023,16,19,Wednesday,False,FY24,Summer,False
20230420,2023-04-20,2023,2,4,Apr,Apr-2023,16,20,Thursday,False,FY24,Summer,False
20230421,2023-04-21,2023,2,4,Apr,Apr-2023,16,21,Friday,False,FY24,Summer,False
20230422,2023-04-22,2023,2,4,Apr,Apr-2023,16,22,Saturday,True,FY24,Summer,False
20230423,2023-04-23,2023,2,4,Apr,Apr-2023,16,23,Sunday,True,FY24,Summer,False
20230424,2023-04-24,2023,2,4,Apr,Apr-2023,17,24,Monday,False,FY24,Summer,False
20230425,2023-04-25,2023,2,4,Apr,Apr-2023,17,25,Tuesday,False,FY24,Summer,False
20230426,2023-04-26,2023,2,4,Apr,Apr-2023,17,26,Wednesday,False,FY24,Summer,False
20230427,2023-04-27,2023,2,4,Apr,Apr-2023,17,27,Thursday,False,FY24,Summer,False
20230428,2023-04-28,2023,2,4,Apr,Apr-2023,17,28,Friday,False,FY24,Summer,False
20230429,2023-04-29,2023,2,4,Apr,Apr-2023,17,29,Saturday,True,FY24,Summer,False
20230430,2023-04-30,2023,2,4,Apr,Apr-2023,17,30,Sunday,True,FY24,Summer,False
20230501,2023-05-01,2023,2,5,May,May-2023,18,1,Monday,False,FY24,Summer,False
20230502,2023-05-02,2023,2,5,May,May-2023,18,2,Tuesday,False,FY24,Summer,False
20230503,2023-05-03,2023,2,5,May,May-2023,18,3,Wednesday,False,FY24,Summer,False
20230504,2023-05-04,2023,2,5,May,May-2023,18,4,Thursday,False,FY24,Summer,False
20230505,2023-05-05,2023,2,5,May,May-2023,18,5,Friday,False,FY24,Summer,False
20230506,2023-05-06,2023,2,5,May,May-2023,18,6,Saturday,True,FY24,Summer,False
20230507,2023-05-07,2023,2,5,May,May-2023,18,7,Sunday,True,FY24,Summer,False
20230508,2023-05-08,2023,2,5,May,May-2023,19,8,Monday,False,FY24,Summer,False
20230509,2023-05-09,2023,2,5,May,May-2023,19,9,Tuesday,False,FY24,Summer,False
20230510,2023-05-10,2023,2,5,May,May-2023,19,10,Wednesday,False,FY24,Summer,False
20230511,2023-05-11,2023,2,5,May,May-2023,19,11,Thursday,False,FY24,Summer,False
20230512,2023-05-12,2023,2,5,May,May-2023,19,12,Friday,False,FY24,Summer,False
20230513,2023-05-13,2023,2,5,May,May-2023,19,13,Saturday,True,FY24,Summer,False
20230514,2023-05-14,2023,2,5,May,May-2023,19,14,Sunday,True,FY24,Summer,False
20230515,2023-05-15,2023,2,5,May,May-2023,20,15,Monday,False,FY24,Summer,False
20230516,2023-05-16,2023,2,5,May,May-2023,20,16,Tuesday,False,FY24,Summer,False
20230517,2023-05-17,2023,2,5,May,May-2023,20,17,Wednesday,False,FY24,Summer,False
20230518,2023-05-18,2023,2,5,May,May-2023,20,18,Thursday,False,FY24,Summer,False
20230519,2023-05-19,2023,2,5,May,May-2023,20,19,Friday,False,FY24,Summer,False
20230520,2023-05-20,2023,2,5,May,May-2023,20,20,Saturday,True,FY24,Summer,False
20230521,2023-05-21,2023,2,5,May,May-2023,20,21,Sunday,True,FY24,Summer,False
20230522,2023-05-22,2023,2,5,May,May-2023,21,22,Monday,False,FY24,Summer,False
20230523,2023-05-23,2023,2,5,May,May-2023,21,23,Tuesday,False,FY24,Summer,False
20230524,2023-05-24,2023,2,5,May,May-2023,21,24,Wednesday,False,FY24,Summer,False
20230525,2023-05-25,2023,2,5,May,May-2023,21,25,Thursday,False,FY24,Summer,False
20230526,2023-05-26,2023,2,5,May,May-2023,21,26,Friday,False,FY24,Summer,False
20230527,2023-05-27,2023,2,5,May,May-2023,21,27,Saturday,True,FY24,Summer,False
20230528,2023-05-28,2023,2,5,May,May-2023,21,28,Sunday,True,FY24,Summer,False
20230529,2023-05-29,2023,2,5,May,May-2023,22,29,Monday,False,FY24,Summer,False
20230530,2023-05-30,2023,2,5,May,May-2023,22,30,Tuesday,False,FY24,Summer,False
20230531,2023-05-31,2023,2,5,May,May-2023,22,31,Wednesday,False,FY24,Summer,False
20230601,2023-06-01,2023,2,6,Jun,Jun-2023,22,1,Thursday,False,FY24,Monsoon,False
20230602,2023-06-02,2023,2,6,Jun,Jun-2023,22,2,Friday,False,FY24,Monsoon,False
20230603,2023-06-03,2023,2,6,Jun,Jun-2023,22,3,Saturday,True,FY24,Monsoon,False
20230604,2023-06-04,2023,2,6,Jun,Jun-2023,22,4,Sunday,True,FY24,Monsoon,False
20230605,2023-06-05,2023,2,6,Jun,Jun-2023,23,5,Monday,False,FY24,Monsoon,False
20230606,2023-06-06,2023,2,6,Jun,Jun-2023,23,6,Tuesday,False,FY24,Monsoon,False
20230607,2023-06-07,2023,2,6,Jun,Jun-2023,23,7,Wednesday,False,FY24,Monsoon,False
20230608,2023-06-08,2023,2,6,Jun,Jun-2023,23,8,Thursday,False,FY24,Monsoon,False
20230609,2023-06-09,2023,2,6,Jun,Jun-2023,23,9,Friday,False,FY24,Monsoon,False
20230610,2023-06-10,2023,2,6,Jun,Jun-2023,23,10,Saturday,True,FY24,Monsoon,False
20230611,2023-06-11,2023,2,6,Jun,Jun-2023,23,11,Sunday,True,FY24,Monsoon,False
20230612,2023-06-12,2023,2,6,Jun,Jun-2023,24,12,Monday,False,FY24,Monsoon,False
20230613,2023-06-13,2023,2,6,Jun,Jun-2023,24,13,Tuesday,False,FY24,Monsoon,False
20230614,2023-06-14,2023,2,6,Jun,Jun-2023,24,14,Wednesday,False,FY24,Monsoon,False
20230615,2023-06-15,2023,2,6,Jun,Jun-2023,24,15,Thursday,False,FY24,Monsoon,False
20230616,2023-06-16,2023,2,6,Jun,Jun-2023,24,16,Friday,False,FY24,Monsoon,False
20230617,2023-06-17,2023,2,6,Jun,Jun-2023,24,17,Saturday,True,FY24,Monsoon,False
20230618,2023-06-18,2023,2,6,Jun,Jun-2023,24,18,Sunday,True,FY24,Monsoon,False
20230619,2023-06-19,2023,2,6,Jun,Jun-2023,25,19,Monday,False,FY24,Monsoon,False
20230620,2023-06-20,2023,2,6,Jun,Jun-2023,25,20,Tuesday,False,FY24,Monsoon,False
20230621,2023-06-21,2023,2,6,Jun,Jun-2023,25,21,Wednesday,False,FY24,Monsoon,False
20230622,2023-06-22,2023,2,6,Jun,Jun-2023,25,22,Thursday,False,FY24,Monsoon,False
20230623,2023-06-23,2023,2,6,Jun,Jun-2023,25,23,Friday,False,FY24,Monsoon,False
20230624,2023-06-24,2023,2,6,Jun,Jun-2023,25,24,Saturday,True,FY24,Monsoon,False
20230625,2023-06-25,2023,2,6,Jun,Jun-2023,25,25,Sunday,True,FY24,Monsoon,False
20230626,2023-06-26,2023,2,6,Jun,Jun-2023,26,26,Monday,False,FY24,Monsoon,False
20230627,2023-06-27,2023,2,6,Jun,Jun-2023,26,27,Tuesday,False,FY24,Monsoon,False
20230628,2023-06-28,2023,2,6,Jun,Jun-2023,26,28,Wednesday,False,FY24,Monsoon,False
20230629,2023-06-29,2023,2,6,Jun,Jun-2023,26,29,Thursday,False,FY24,Monsoon,False
20230630,2023-06-30,2023,2,6,Jun,Jun-2023,26,30,Friday,False,FY24,Monsoon,False
20230701,2023-07-01,2023,3,7,Jul,Jul-2023,26,1,Saturday,True,FY24,Monsoon,False
20230702,2023-07-02,2023,3,7,Jul,Jul-2023,26,2,Sunday,True,FY24,Monsoon,False
20230703,2023-07-03,2023,3,7,Jul,Jul-2023,27,3,Monday,False,FY24,Monsoon,False
20230704,2023-07-04,2023,3,7,Jul,Jul-2023,27,4,Tuesday,False,FY24,Monsoon,False
20230705,2023-07-05,2023,3,7,Jul,Jul-2023,27,5,Wednesday,False,FY24,Monsoon,False
20230706,2023-07-06,2023,3,7,Jul,Jul-2023,27,6,Thursday,False,FY24,Monsoon,False
20230707,2023-07-07,2023,3,7,Jul,Jul-2023,27,7,Friday,False,FY24,Monsoon,False
20230708,2023-07-08,2023,3,7,Jul,Jul-2023,27,8,Saturday,True,FY24,Monsoon,False
20230709,2023-07-09,2023,3,7,Jul,Jul-2023,27,9,Sunday,True,FY24,Monsoon,False
20230710,2023-07-10,2023,3,7,Jul,Jul-2023,28,10,Monday,False,FY24,Monsoon,False
20230711,2023-07-11,2023,3,7,Jul,Jul-2023,28,11,Tuesday,False,FY24,Monsoon,False
20230712,2023-07-12,2023,3,7,Jul,Jul-2023,28,12,Wednesday,False,FY24,Monsoon,False
20230713,2023-07-13,2023,3,7,Jul,Jul-2023,28,13,Thursday,False,FY24,Monsoon,False
20230714,2023-07-14,2023,3,7,Jul,Jul-2023,28,14,Friday,False,FY24,Monsoon,False
20230715,2023-07-15,2023,3,7,Jul,Jul-2023,28,15,Saturday,True,FY24,Monsoon,False
20230716,2023-07-16,2023,3,7,Jul,Jul-2023,28,16,Sunday,True,FY24,Monsoon,False
20230717,2023-07-17,2023,3,7,Jul,Jul-2023,29,17,Monday,False,FY24,Monsoon,False
20230718,2023-07-18,2023,3,7,Jul,Jul-2023,29,18,Tuesday,False,FY24,Monsoon,False
20230719,2023-07-19,2023,3,7,Jul,Jul-2023,29,19,Wednesday,False,FY24,Monsoon,False
20230720,2023-07-20,2023,3,7,Jul,Jul-2023,29,20,Thursday,False,FY24,Monsoon,False
20230721,2023-07-21,2023,3,7,Jul,Jul-2023,29,21,Friday,False,FY24,Monsoon,False
20230722,2023-07-22,2023,3,7,Jul,Jul-2023,29,22,Saturday,True,FY24,Monsoon,False
20230723,2023-07-23,2023,3,7,Jul,Jul-2023,29,23,Sunday,True,FY24,Monsoon,False
20230724,2023-07-24,2023,3,7,Jul,Jul-2023,30,24,Monday,False,FY24,Monsoon,False
20230725,2023-07-25,2023,3,7,Jul,Jul-2023,30,25,Tuesday,False,FY24,Monsoon,False
20230726,2023-07-26,2023,3,7,Jul,Jul-2023,30,26,Wednesday,False,FY24,Monsoon,False
20230727,2023-07-27,2023,3,7,Jul,Jul-2023,30,27,Thursday,False,FY24,Monsoon,False
20230728,2023-07-28,2023,3,7,Jul,Jul-2023,30,28,Friday,False,FY24,Monsoon,False
20230729,2023-07-29,2023,3,7,Jul,Jul-2023,30,29,Saturday,True,FY24,Monsoon,False
20230730,2023-07-30,2023,3,7,Jul,Jul-2023,30,30,Sunday,True,FY24,Monsoon,False
20230731,2023-07-31,2023,3,7,Jul,Jul-2023,31,31,Monday,False,FY24,Monsoon,False
20230801,2023-08-01,2023,3,8,Aug,Aug-2023,31,1,Tuesday,False,FY24,Monsoon,False
20230802,2023-08-02,2023,3,8,Aug,Aug-2023,31,2,Wednesday,False,FY24,Monsoon,False
20230803,2023-08-03,2023,3,8,Aug,Aug-2023,31,3,Thursday,False,FY24,Monsoon,False
20230804,2023-08-04,2023,3,8,Aug,Aug-2023,31,4,Friday,False,FY24,Monsoon,False
20230805,2023-08-05,2023,3,8,Aug,Aug-2023,31,5,Saturday,True,FY24,Monsoon,False
20230806,2023-08-06,2023,3,8,Aug,Aug-2023,31,6,Sunday,True,FY24,Monsoon,False
20230807,2023-08-07,2023,3,8,Aug,Aug-2023,32,7,Monday,False,FY24,Monsoon,False
20230808,2023-08-08,2023,3,8,Aug,Aug-2023,32,8,Tuesday,False,FY24,Monsoon,False
20230809,2023-08-09,2023,3,8,Aug,Aug-2023,32,9,Wednesday,False,FY24,Monsoon,False
20230810,2023-08-10,2023,3,8,Aug,Aug-2023,32,10,Thursday,False,FY24,Monsoon,False
20230811,2023-08-11,2023,3,8,Aug,Aug-2023,32,11,Friday,False,FY24,Monsoon,False
20230812,2023-08-12,2023,3,8,Aug,Aug-2023,32,12,Saturday,True,FY24,Monsoon,False
20230813,2023-08-13,2023,3,8,Aug,Aug-2023,32,13,Sunday,True,FY24,Monsoon,False
20230814,2023-08-14,2023,3,8,Aug,Aug-2023,33,14,Monday,False,FY24,Monsoon,False
20230815,2023-08-15,2023,3,8,Aug,Aug-2023,33,15,Tuesday,False,FY24,Monsoon,False
20230816,2023-08-16,2023,3,8,Aug,Aug-2023,33,16,Wednesday,False,FY24,Monsoon,False
20230817,2023-08-17,2023,3,8,Aug,Aug-2023,33,17,Thursday,False,FY24,Monsoon,False
20230818,2023-08-18,2023,3,8,Aug,Aug-2023,33,18,Friday,False,FY24,Monsoon,False
20230819,2023-08-19,2023,3,8,Aug,Aug-2023,33,19,Saturday,True,FY24,Monsoon,False
20230820,2023-08-20,2023,3,8,Aug,Aug-2023,33,20,Sunday,True,FY24,Monsoon,False
20230821,2023-08-21,2023,3,8,Aug,Aug-2023,34,21,Monday,False,FY24,Monsoon,False
20230822,2023-08-22,2023,3,8,Aug,Aug-2023,34,22,Tuesday,False,FY24,Monsoon,False
20230823,2023-08-23,2023,3,8,Aug,Aug-2023,34,23,Wednesday,False,FY24,Monsoon,False
20230824,2023-08-24,2023,3,8,Aug,Aug-2023,34,24,Thursday,False,FY24,Monsoon,False
20230825,2023-08-25,2023,3,8,Aug,Aug-2023,34,25,Friday,False,FY24,Monsoon,False
20230826,2023-08-26,2023,3,8,Aug,Aug-2023,34,26,Saturday,True,FY24,Monsoon,False
20230827,2023-08-27,2023,3,8,Aug,Aug-2023,34,27,Sunday,True,FY24,Monsoon,False
20230828,2023-08-28,2023,3,8,Aug,Aug-2023,35,28,Monday,False,FY24,Monsoon,False
20230829,2023-08-29,2023,3,8,Aug,Aug-2023,35,29,Tuesday,False,FY24,Monsoon,False
20230830,2023-08-30,2023,3,8,Aug,Aug-2023,35,30,Wednesday,False,FY24,Monsoon,False
20230831,2023-08-31,2023,3,8,Aug,Aug-2023,35,31,Thursday,False,FY24,Monsoon,False
20230901,2023-09-01,2023,3,9,Sep,Sep-2023,35,1,Friday,False,FY24,Monsoon,False
20230902,2023-09-02,2023,3,9,Sep,Sep-2023,35,2,Saturday,True,FY24,Monsoon,False
20230903,2023-09-03,2023,3,9,Sep,Sep-2023,35,3,Sunday,True,FY24,Monsoon,False
20230904,2023-09-04,2023,3,9,Sep,Sep-2023,36,4,Monday,False,FY24,Monsoon,False
20230905,2023-09-05,2023,3,9,Sep,Sep-2023,36,5,Tuesday,False,FY24,Monsoon,False
20230906,2023-09-06,2023,3,9,Sep,Sep-2023,36,6,Wednesday,False,FY24,Monsoon,False
20230907,2023-09-07,2023,3,9,Sep,Sep-2023,36,7,Thursday,False,FY24,Monsoon,False
20230908,2023-09-08,2023,3,9,Sep,Sep-2023,36,8,Friday,False,FY24,Monsoon,False
20230909,2023-09-09,2023,3,9,Sep,Sep-2023,36,9,Saturday,True,FY24,Monsoon,False
20230910,2023-09-10,2023,3,9,Sep,Sep-2023,36,10,Sunday,True,FY24,Monsoon,False
20230911,2023-09-11,2023,3,9,Sep,Sep-2023,37,11,Monday,False,FY24,Monsoon,False
20230912,2023-09-12,2023,3,9,Sep,Sep-2023,37,12,Tuesday,False,FY24,Monsoon,False
20230913,2023-09-13,2023,3,9,Sep,Sep-2023,37,13,Wednesday,False,FY24,Monsoon,False
20230914,2023-09-14,2023,3,9,Sep,Sep-2023,37,14,Thursday,False,FY24,Monsoon,False
20230915,2023-09-15,2023,3,9,Sep,Sep-2023,37,15,Friday,False,FY24,Monsoon,False
20230916,2023-09-16,2023,3,9,Sep,Sep-2023,37,16,Saturday,True,FY24,Monsoon,False
20230917,2023-09-17,2023,3,9,Sep,Sep-2023,37,17,Sunday,True,FY24,Monsoon,False
20230918,2023-09-18,2023,3,9,Sep,Sep-2023,38,18,Monday,False,FY24,Monsoon,False
20230919,2023-09-19,2023,3,9,Sep,Sep-2023,38,19,Tuesday,False,FY24,Monsoon,False
20230920,2023-09-20,2023,3,9,Sep,Sep-2023,38,20,Wednesday,False,FY24,Monsoon,False
20230921,2023-09-21,2023,3,9,Sep,Sep-2023,38,21,Thursday,False,FY24,Monsoon,False
20230922,2023-09-22,2023,3,9,Sep,Sep-2023,38,22,Friday,False,FY24,Monsoon,False
20230923,2023-09-23,2023,3,9,Sep,Sep-2023,38,23,Saturday,True,FY24,Monsoon,False
20230924,2023-09-24,2023,3,9,Sep,Sep-2023,38,24,Sunday,True,FY24,Monsoon,False
20230925,2023-09-25,2023,3,9,Sep,Sep-2023,39,25,Monday,False,FY24,Monsoon,False
20230926,2023-09-26,2023,3,9,Sep,Sep-2023,39,26,Tuesday,False,FY24,Monsoon,False
20230927,2023-09-27,2023,3,9,Sep,Sep-2023,39,27,Wednesday,False,FY24,Monsoon,False
20230928,2023-09-28,2023,3,9,Sep,Sep-2023,39,28,Thursday,False,FY24,Monsoon,False
20230929,2023-09-29,2023,3,9,Sep,Sep-2023,39,29,Friday,False,FY24,Monsoon,False
20230930,2023-09-30,2023,3,9,Sep,Sep-2023,39,30,Saturday,True,FY24,Monsoon,False
20231001,2023-10-01,2023,4,10,Oct,Oct-2023,39,1,Sunday,True,FY24,Autumn,False
20231002,2023-10-02,2023,4,10,Oct,Oct-2023,40,2,Monday,False,FY24,Autumn,False
20231003,2023-10-03,2023,4,10,Oct,Oct-2023,40,3,Tuesday,False,FY24,Autumn,False
20231004,2023-10-04,2023,4,10,Oct,Oct-2023,40,4,Wednesday,False,FY24,Autumn,False
20231005,2023-10-05,2023,4,10,Oct,Oct-2023,40,5,Thursday,False,FY24,Autumn,False
20231006,2023-10-06,2023,4,10,Oct,Oct-2023,40,6,Friday,False,FY24,Autumn,False
20231007,2023-10-07,2023,4,10,Oct,Oct-2023,40,7,Saturday,True,FY24,Autumn,False
20231008,2023-10-08,2023,4,10,Oct,Oct-2023,40,8,Sunday,True,FY24,Autumn,False
20231009,2023-10-09,2023,4,10,Oct,Oct-2023,41,9,Monday,False,FY24,Autumn,False
20231010,2023-10-10,2023,4,10,Oct,Oct-2023,41,10,Tuesday,False,FY24,Autumn,False
20231011,2023-10-11,2023,4,10,Oct,Oct-2023,41,11,Wednesday,False,FY24,Autumn,False
20231012,2023-10-12,2023,4,10,Oct,Oct-2023,41,12,Thursday,False,FY24,Autumn,False
20231013,2023-10-13,2023,4,10,Oct,Oct-2023,41,13,Friday,False,FY24,Autumn,False
20231014,2023-10-14,2023,4,10,Oct,Oct-2023,41,14,Saturday,True,FY24,Autumn,False
20231015,2023-10-15,2023,4,10,Oct,Oct-2023,41,15,Sunday,True,FY24,Autumn,True
20231016,2023-10-16,2023,4,10,Oct,Oct-2023,42,16,Monday,False,FY24,Autumn,True
20231017,2023-10-17,2023,4,10,Oct,Oct-2023,42,17,Tuesday,False,FY24,Autumn,True
20231018,2023-10-18,2023,4,10,Oct,Oct-2023,42,18,Wednesday,False,FY24,Autumn,True
20231019,2023-10-19,2023,4,10,Oct,Oct-2023,42,19,Thursday,False,FY24,Autumn,True
20231020,2023-10-20,2023,4,10,Oct,Oct-2023,42,20,Friday,False,FY24,Autumn,True
20231021,2023-10-21,2023,4,10,Oct,Oct-2023,42,21,Saturday,True,FY24,Autumn,True
20231022,2023-10-22,2023,4,10,Oct,Oct-2023,42,22,Sunday,True,FY24,Autumn,True
20231023,2023-10-23,2023,4,10,Oct,Oct-2023,43,23,Monday,False,FY24,Autumn,True
20231024,2023-10-24,2023,4,10,Oct,Oct-2023,43,24,Tuesday,False,FY24,Autumn,True
20231025,2023-10-25,2023,4,10,Oct,Oct-2023,43,25,Wednesday,False,FY24,Autumn,False
20231026,2023-10-26,2023,4,10,Oct,Oct-2023,43,26,Thursday,False,FY24,Autumn,False
20231027,2023-10-27,2023,4,10,Oct,Oct-2023,43,27,Friday,False,FY24,Autumn,False
20231028,2023-10-28,2023,4,10,Oct,Oct-2023,43,28,Saturday,True,FY24,Autumn,False
20231029,2023-10-29,2023,4,10,Oct,Oct-2023,43,29,Sunday,True,FY24,Autumn,False
20231030,2023-10-30,2023,4,10,Oct,Oct-2023,44,30,Monday,False,FY24,Autumn,False
20231031,2023-10-31,2023,4,10,Oct,Oct-2023,44,31,Tuesday,False,FY24,Autumn,False
20231101,2023-11-01,2023,4,11,Nov,Nov-2023,44,1,Wednesday,False,FY24,Winter,False
20231102,2023-11-02,2023,4,11,Nov,Nov-2023,44,2,Thursday,False,FY24,Winter,True
20231103,2023-11-03,2023,4,11,Nov,Nov-2023,44,3,Friday,False,FY24,Winter,True
20231104,2023-11-04,2023,4,11,Nov,Nov-2023,44,4,Saturday,True,FY24,Winter,True
20231105,2023-11-05,2023,4,11,Nov,Nov-2023,44,5,Sunday,True,FY24,Winter,True
20231106,2023-11-06,2023,4,11,Nov,Nov-2023,45,6,Monday,False,FY24,Winter,True
20231107,2023-11-07,2023,4,11,Nov,Nov-2023,45,7,Tuesday,False,FY24,Winter,True
20231108,2023-11-08,2023,4,11,Nov,Nov-2023,45,8,Wednesday,False,FY24,Winter,True
20231109,2023-11-09,2023,4,11,Nov,Nov-2023,45,9,Thursday,False,FY24,Winter,True
20231110,2023-11-10,2023,4,11,Nov,Nov-2023,45,10,Friday,False,FY24,Winter,True
20231111,2023-11-11,2023,4,11,Nov,Nov-2023,45,11,Saturday,True,FY24,Winter,True
20231112,2023-11-12,2023,4,11,Nov,Nov-2023,45,12,Sunday,True,FY24,Winter,True
20231113,2023-11-13,2023,4,11,Nov,Nov-2023,46,13,Monday,False,FY24,Winter,True
20231114,2023-11-14,2023,4,11,Nov,Nov-2023,46,14,Tuesday,False,FY24,Winter,True
20231115,2023-11-15,2023,4,11,Nov,Nov-2023,46,15,Wednesday,False,FY24,Winter,True
20231116,2023-11-16,2023,4,11,Nov,Nov-2023,46,16,Thursday,False,FY24,Winter,False
20231117,2023-11-17,2023,4,11,Nov,Nov-2023,46,17,Friday,False,FY24,Winter,False
20231118,2023-11-18,2023,4,11,Nov,Nov-2023,46,18,Saturday,True,FY24,Winter,False
20231119,2023-11-19,2023,4,11,Nov,Nov-2023,46,19,Sunday,True,FY24,Winter,False
20231120,2023-11-20,2023,4,11,Nov,Nov-2023,47,20,Monday,False,FY24,Winter,False
20231121,2023-11-21,2023,4,11,Nov,Nov-2023,47,21,Tuesday,False,FY24,Winter,False
20231122,2023-11-22,2023,4,11,Nov,Nov-2023,47,22,Wednesday,False,FY24,Winter,False
20231123,2023-11-23,2023,4,11,Nov,Nov-2023,47,23,Thursday,False,FY24,Winter,False
20231124,2023-11-24,2023,4,11,Nov,Nov-2023,47,24,Friday,False,FY24,Winter,False
20231125,2023-11-25,2023,4,11,Nov,Nov-2023,47,25,Saturday,True,FY24,Winter,False
20231126,2023-11-26,2023,4,11,Nov,Nov-2023,47,26,Sunday,True,FY24,Winter,False
20231127,2023-11-27,2023,4,11,Nov,Nov-2023,48,27,Monday,False,FY24,Winter,False
20231128,2023-11-28,2023,4,11,Nov,Nov-2023,48,28,Tuesday,False,FY24,Winter,False
20231129,2023-11-29,2023,4,11,Nov,Nov-2023,48,29,Wednesday,False,FY24,Winter,False
20231130,2023-11-30,2023,4,11,Nov,Nov-2023,48,30,Thursday,False,FY24,Winter,False
20231201,2023-12-01,2023,4,12,Dec,Dec-2023,48,1,Friday,False,FY24,Winter,False
20231202,2023-12-02,2023,4,12,Dec,Dec-2023,48,2,Saturday,True,FY24,Winter,False
20231203,2023-12-03,2023,4,12,Dec,Dec-2023,48,3,Sunday,True,FY24,Winter,False
20231204,2023-12-04,2023,4,12,Dec,Dec-2023,49,4,Monday,False,FY24,Winter,False
20231205,2023-12-05,2023,4,12,Dec,Dec-2023,49,5,Tuesday,False,FY24,Winter,False
20231206,2023-12-06,2023,4,12,Dec,Dec-2023,49,6,Wednesday,False,FY24,Winter,False
20231207,2023-12-07,2023,4,12,Dec,Dec-2023,49,7,Thursday,False,FY24,Winter,False
20231208,2023-12-08,2023,4,12,Dec,Dec-2023,49,8,Friday,False,FY24,Winter,False
20231209,2023-12-09,2023,4,12,Dec,Dec-2023,49,9,Saturday,True,FY24,Winter,False
20231210,2023-12-10,2023,4,12,Dec,Dec-2023,49,10,Sunday,True,FY24,Winter,False
20231211,2023-12-11,2023,4,12,Dec,Dec-2023,50,11,Monday,False,FY24,Winter,False
20231212,2023-12-12,2023,4,12,Dec,Dec-2023,50,12,Tuesday,False,FY24,Winter,False
20231213,2023-12-13,2023,4,12,Dec,Dec-2023,50,13,Wednesday,False,FY24,Winter,False
20231214,2023-12-14,2023,4,12,Dec,Dec-2023,50,14,Thursday,False,FY24,Winter,False
20231215,2023-12-15,2023,4,12,Dec,Dec-2023,50,15,Friday,False,FY24,Winter,False
20231216,2023-12-16,2023,4,12,Dec,Dec-2023,50,16,Saturday,True,FY24,Winter,False
20231217,2023-12-17,2023,4,12,Dec,Dec-2023,50,17,Sunday,True,FY24,Winter,False
20231218,2023-12-18,2023,4,12,Dec,Dec-2023,51,18,Monday,False,FY24,Winter,False
20231219,2023-12-19,2023,4,12,Dec,Dec-2023,51,19,Tuesday,False,FY24,Winter,False
20231220,2023-12-20,2023,4,12,Dec,Dec-2023,51,20,Wednesday,False,FY24,Winter,False
20231221,2023-12-21,2023,4,12,Dec,Dec-2023,51,21,Thursday,False,FY24,Winter,False
20231222,2023-12-22,2023,4,12,Dec,Dec-2023,51,22,Friday,False,FY24,Winter,False
20231223,2023-12-23,2023,4,12,Dec,Dec-2023,51,23,Saturday,True,FY24,Winter,False
20231224,2023-12-24,2023,4,12,Dec,Dec-2023,51,24,Sunday,True,FY24,Winter,False
20231225,2023-12-25,2023,4,12,Dec,Dec-2023,52,25,Monday,False,FY24,Winter,False
20231226,2023-12-26,2023,4,12,Dec,Dec-2023,52,26,Tuesday,False,FY24,Winter,False
20231227,2023-12-27,2023,4,12,Dec,Dec-2023,52,27,Wednesday,False,FY24,Winter,False
20231228,2023-12-28,2023,4,12,Dec,Dec-2023,52,28,Thursday,False,FY24,Winter,False
20231229,2023-12-29,2023,4,12,Dec,Dec-2023,52,29,Friday,False,FY24,Winter,False
20231230,2023-12-30,2023,4,12,Dec,Dec-2023,52,30,Saturday,True,FY24,Winter,False
20231231,2023-12-31,2023,4,12,Dec,Dec-2023,52,31,Sunday,True,FY24,Winter,False
20240101,2024-01-01,2024,1,1,Jan,Jan-2024,1,1,Monday,False,FY24,Winter,False
20240102,2024-01-02,2024,1,1,Jan,Jan-2024,1,2,Tuesday,False,FY24,Winter,False
20240103,2024-01-03,2024,1,1,Jan,Jan-2024,1,3,Wednesday,False,FY24,Winter,False
20240104,2024-01-04,2024,1,1,Jan,Jan-2024,1,4,Thursday,False,FY24,Winter,False
20240105,2024-01-05,2024,1,1,Jan,Jan-2024,1,5,Friday,False,FY24,Winter,False
20240106,2024-01-06,2024,1,1,Jan,Jan-2024,1,6,Saturday,True,FY24,Winter,False
20240107,2024-01-07,2024,1,1,Jan,Jan-2024,1,7,Sunday,True,FY24,Winter,False
20240108,2024-01-08,2024,1,1,Jan,Jan-2024,2,8,Monday,False,FY24,Winter,False
20240109,2024-01-09,2024,1,1,Jan,Jan-2024,2,9,Tuesday,False,FY24,Winter,False
20240110,2024-01-10,2024,1,1,Jan,Jan-2024,2,10,Wednesday,False,FY24,Winter,False
20240111,2024-01-11,2024,1,1,Jan,Jan-2024,2,11,Thursday,False,FY24,Winter,False
20240112,2024-01-12,2024,1,1,Jan,Jan-2024,2,12,Friday,False,FY24,Winter,False
20240113,2024-01-13,2024,1,1,Jan,Jan-2024,2,13,Saturday,True,FY24,Winter,False
20240114,2024-01-14,2024,1,1,Jan,Jan-2024,2,14,Sunday,True,FY24,Winter,False
20240115,2024-01-15,2024,1,1,Jan,Jan-2024,3,15,Monday,False,FY24,Winter,False
20240116,2024-01-16,2024,1,1,Jan,Jan-2024,3,16,Tuesday,False,FY24,Winter,False
20240117,2024-01-17,2024,1,1,Jan,Jan-2024,3,17,Wednesday,False,FY24,Winter,False
20240118,2024-01-18,2024,1,1,Jan,Jan-2024,3,18,Thursday,False,FY24,Winter,False
20240119,2024-01-19,2024,1,1,Jan,Jan-2024,3,19,Friday,False,FY24,Winter,False
20240120,2024-01-20,2024,1,1,Jan,Jan-2024,3,20,Saturday,True,FY24,Winter,False
20240121,2024-01-21,2024,1,1,Jan,Jan-2024,3,21,Sunday,True,FY24,Winter,False
20240122,2024-01-22,2024,1,1,Jan,Jan-2024,4,22,Monday,False,FY24,Winter,False
20240123,2024-01-23,2024,1,1,Jan,Jan-2024,4,23,Tuesday,False,FY24,Winter,False
20240124,2024-01-24,2024,1,1,Jan,Jan-2024,4,24,Wednesday,False,FY24,Winter,False
20240125,2024-01-25,2024,1,1,Jan,Jan-2024,4,25,Thursday,False,FY24,Winter,False
20240126,2024-01-26,2024,1,1,Jan,Jan-2024,4,26,Friday,False,FY24,Winter,False
20240127,2024-01-27,2024,1,1,Jan,Jan-2024,4,27,Saturday,True,FY24,Winter,False
20240128,2024-01-28,2024,1,1,Jan,Jan-2024,4,28,Sunday,True,FY24,Winter,False
20240129,2024-01-29,2024,1,1,Jan,Jan-2024,5,29,Monday,False,FY24,Winter,False
20240130,2024-01-30,2024,1,1,Jan,Jan-2024,5,30,Tuesday,False,FY24,Winter,False
20240131,2024-01-31,2024,1,1,Jan,Jan-2024,5,31,Wednesday,False,FY24,Winter,False
20240201,2024-02-01,2024,1,2,Feb,Feb-2024,5,1,Thursday,False,FY24,Winter,False
20240202,2024-02-02,2024,1,2,Feb,Feb-2024,5,2,Friday,False,FY24,Winter,False
20240203,2024-02-03,2024,1,2,Feb,Feb-2024,5,3,Saturday,True,FY24,Winter,False
20240204,2024-02-04,2024,1,2,Feb,Feb-2024,5,4,Sunday,True,FY24,Winter,False
20240205,2024-02-05,2024,1,2,Feb,Feb-2024,6,5,Monday,False,FY24,Winter,False
20240206,2024-02-06,2024,1,2,Feb,Feb-2024,6,6,Tuesday,False,FY24,Winter,False
20240207,2024-02-07,2024,1,2,Feb,Feb-2024,6,7,Wednesday,False,FY24,Winter,False
20240208,2024-02-08,2024,1,2,Feb,Feb-2024,6,8,Thursday,False,FY24,Winter,False
20240209,2024-02-09,2024,1,2,Feb,Feb-2024,6,9,Friday,False,FY24,Winter,False
20240210,2024-02-10,2024,1,2,Feb,Feb-2024,6,10,Saturday,True,FY24,Winter,False
20240211,2024-02-11,2024,1,2,Feb,Feb-2024,6,11,Sunday,True,FY24,Winter,False
20240212,2024-02-12,2024,1,2,Feb,Feb-2024,7,12,Monday,False,FY24,Winter,False
20240213,2024-02-13,2024,1,2,Feb,Feb-2024,7,13,Tuesday,False,FY24,Winter,False
20240214,2024-02-14,2024,1,2,Feb,Feb-2024,7,14,Wednesday,False,FY24,Winter,False
20240215,2024-02-15,2024,1,2,Feb,Feb-2024,7,15,Thursday,False,FY24,Winter,False
20240216,2024-02-16,2024,1,2,Feb,Feb-2024,7,16,Friday,False,FY24,Winter,False
20240217,2024-02-17,2024,1,2,Feb,Feb-2024,7,17,Saturday,True,FY24,Winter,False
20240218,2024-02-18,2024,1,2,Feb,Feb-2024,7,18,Sunday,True,FY24,Winter,False
20240219,2024-02-19,2024,1,2,Feb,Feb-2024,8,19,Monday,False,FY24,Winter,False
20240220,2024-02-20,2024,1,2,Feb,Feb-2024,8,20,Tuesday,False,FY24,Winter,False
20240221,2024-02-21,2024,1,2,Feb,Feb-2024,8,21,Wednesday,False,FY24,Winter,False
20240222,2024-02-22,2024,1,2,Feb,Feb-2024,8,22,Thursday,False,FY24,Winter,False
20240223,2024-02-23,2024,1,2,Feb,Feb-2024,8,23,Friday,False,FY24,Winter,False
20240224,2024-02-24,2024,1,2,Feb,Feb-2024,8,24,Saturday,True,FY24,Winter,False
20240225,2024-02-25,2024,1,2,Feb,Feb-2024,8,25,Sunday,True,FY24,Winter,False
20240226,2024-02-26,2024,1,2,Feb,Feb-2024,9,26,Monday,False,FY24,Winter,False
20240227,2024-02-27,2024,1,2,Feb,Feb-2024,9,27,Tuesday,False,FY24,Winter,False
20240228,2024-02-28,2024,1,2,Feb,Feb-2024,9,28,Wednesday,False,FY24,Winter,False
20240229,2024-02-29,2024,1,2,Feb,Feb-2024,9,29,Thursday,False,FY24,Winter,False
20240301,2024-03-01,2024,1,3,Mar,Mar-2024,9,1,Friday,False,FY24,Summer,False
20240302,2024-03-02,2024,1,3,Mar,Mar-2024,9,2,Saturday,True,FY24,Summer,False
20240303,2024-03-03,2024,1,3,Mar,Mar-2024,9,3,Sunday,True,FY24,Summer,False
20240304,2024-03-04,2024,1,3,Mar,Mar-2024,10,4,Monday,False,FY24,Summer,False
20240305,2024-03-05,2024,1,3,Mar,Mar-2024,10,5,Tuesday,False,FY24,Summer,False
20240306,2024-03-06,2024,1,3,Mar,Mar-2024,10,6,Wednesday,False,FY24,Summer,False
20240307,2024-03-07,2024,1,3,Mar,Mar-2024,10,7,Thursday,False,FY24,Summer,False
20240308,2024-03-08,2024,1,3,Mar,Mar-2024,10,8,Friday,False,FY24,Summer,False
20240309,2024-03-09,2024,1,3,Mar,Mar-2024,10,9,Saturday,True,FY24,Summer,False
20240310,2024-03-10,2024,1,3,Mar,Mar-2024,10,10,Sunday,True,FY24,Summer,False
20240311,2024-03-11,2024,1,3,Mar,Mar-2024,11,11,Monday,False,FY24,Summer,False
20240312,2024-03-12,2024,1,3,Mar,Mar-2024,11,12,Tuesday,False,FY24,Summer,False
20240313,2024-03-13,2024,1,3,Mar,Mar-2024,11,13,Wednesday,False,FY24,Summer,False
20240314,2024-03-14,2024,1,3,Mar,Mar-2024,11,14,Thursday,False,FY24,Summer,False
20240315,2024-03-15,2024,1,3,Mar,Mar-2024,11,15,Friday,False,FY24,Summer,False
20240316,2024-03-16,2024,1,3,Mar,Mar-2024,11,16,Saturday,True,FY24,Summer,False
20240317,2024-03-17,2024,1,3,Mar,Mar-2024,11,17,Sunday,True,FY24,Summer,False
20240318,2024-03-18,2024,1,3,Mar,Mar-2024,12,18,Monday,False,FY24,Summer,False
20240319,2024-03-19,2024,1,3,Mar,Mar-2024,12,19,Tuesday,False,FY24,Summer,False
20240320,2024-03-20,2024,1,3,Mar,Mar-2024,12,20,Wednesday,False,FY24,Summer,False
20240321,2024-03-21,2024,1,3,Mar,Mar-2024,12,21,Thursday,False,FY24,Summer,False
20240322,2024-03-22,2024,1,3,Mar,Mar-2024,12,22,Friday,False,FY24,Summer,False
20240323,2024-03-23,2024,1,3,Mar,Mar-2024,12,23,Saturday,True,FY24,Summer,False
20240324,2024-03-24,2024,1,3,Mar,Mar-2024,12,24,Sunday,True,FY24,Summer,False
20240325,2024-03-25,2024,1,3,Mar,Mar-2024,13,25,Monday,False,FY24,Summer,False
20240326,2024-03-26,2024,1,3,Mar,Mar-2024,13,26,Tuesday,False,FY24,Summer,False
20240327,2024-03-27,2024,1,3,Mar,Mar-2024,13,27,Wednesday,False,FY24,Summer,False
20240328,2024-03-28,2024,1,3,Mar,Mar-2024,13,28,Thursday,False,FY24,Summer,False
20240329,2024-03-29,2024,1,3,Mar,Mar-2024,13,29,Friday,False,FY24,Summer,False
20240330,2024-03-30,2024,1,3,Mar,Mar-2024,13,30,Saturday,True,FY24,Summer,False
20240331,2024-03-31,2024,1,3,Mar,Mar-2024,13,31,Sunday,True,FY24,Summer,False
20240401,2024-04-01,2024,2,4,Apr,Apr-2024,14,1,Monday,False,FY25,Summer,False
20240402,2024-04-02,2024,2,4,Apr,Apr-2024,14,2,Tuesday,False,FY25,Summer,False
20240403,2024-04-03,2024,2,4,Apr,Apr-2024,14,3,Wednesday,False,FY25,Summer,False
20240404,2024-04-04,2024,2,4,Apr,Apr-2024,14,4,Thursday,False,FY25,Summer,False
20240405,2024-04-05,2024,2,4,Apr,Apr-2024,14,5,Friday,False,FY25,Summer,False
20240406,2024-04-06,2024,2,4,Apr,Apr-2024,14,6,Saturday,True,FY25,Summer,False
20240407,2024-04-07,2024,2,4,Apr,Apr-2024,14,7,Sunday,True,FY25,Summer,False
20240408,2024-04-08,2024,2,4,Apr,Apr-2024,15,8,Monday,False,FY25,Summer,False
20240409,2024-04-09,2024,2,4,Apr,Apr-2024,15,9,Tuesday,False,FY25,Summer,False
20240410,2024-04-10,2024,2,4,Apr,Apr-2024,15,10,Wednesday,False,FY25,Summer,False
20240411,2024-04-11,2024,2,4,Apr,Apr-2024,15,11,Thursday,False,FY25,Summer,False
20240412,2024-04-12,2024,2,4,Apr,Apr-2024,15,12,Friday,False,FY25,Summer,False
20240413,2024-04-13,2024,2,4,Apr,Apr-2024,15,13,Saturday,True,FY25,Summer,False
20240414,2024-04-14,2024,2,4,Apr,Apr-2024,15,14,Sunday,True,FY25,Summer,False
20240415,2024-04-15,2024,2,4,Apr,Apr-2024,16,15,Monday,False,FY25,Summer,False
20240416,2024-04-16,2024,2,4,Apr,Apr-2024,16,16,Tuesday,False,FY25,Summer,False
20240417,2024-04-17,2024,2,4,Apr,Apr-2024,16,17,Wednesday,False,FY25,Summer,False
20240418,2024-04-18,2024,2,4,Apr,Apr-2024,16,18,Thursday,False,FY25,Summer,False
20240419,2024-04-19,2024,2,4,Apr,Apr-2024,16,19,Friday,False,FY25,Summer,False
20240420,2024-04-20,2024,2,4,Apr,Apr-2024,16,20,Saturday,True,FY25,Summer,False
20240421,2024-04-21,2024,2,4,Apr,Apr-2024,16,21,Sunday,True,FY25,Summer,False
20240422,2024-04-22,2024,2,4,Apr,Apr-2024,17,22,Monday,False,FY25,Summer,False
20240423,2024-04-23,2024,2,4,Apr,Apr-2024,17,23,Tuesday,False,FY25,Summer,False
20240424,2024-04-24,2024,2,4,Apr,Apr-2024,17,24,Wednesday,False,FY25,Summer,False
20240425,2024-04-25,2024,2,4,Apr,Apr-2024,17,25,Thursday,False,FY25,Summer,False
20240426,2024-04-26,2024,2,4,Apr,Apr-2024,17,26,Friday,False,FY25,Summer,False
20240427,2024-04-27,2024,2,4,Apr,Apr-2024,17,27,Saturday,True,FY25,Summer,False
20240428,2024-04-28,2024,2,4,Apr,Apr-2024,17,28,Sunday,True,FY25,Summer,False
20240429,2024-04-29,2024,2,4,Apr,Apr-2024,18,29,Monday,False,FY25,Summer,False
20240430,2024-04-30,2024,2,4,Apr,Apr-2024,18,30,Tuesday,False,FY25,Summer,False
20240501,2024-05-01,2024,2,5,May,May-2024,18,1,Wednesday,False,FY25,Summer,False
20240502,2024-05-02,2024,2,5,May,May-2024,18,2,Thursday,False,FY25,Summer,False
20240503,2024-05-03,2024,2,5,May,May-2024,18,3,Friday,False,FY25,Summer,False
20240504,2024-05-04,2024,2,5,May,May-2024,18,4,Saturday,True,FY25,Summer,False
20240505,2024-05-05,2024,2,5,May,May-2024,18,5,Sunday,True,FY25,Summer,False
20240506,2024-05-06,2024,2,5,May,May-2024,19,6,Monday,False,FY25,Summer,False
20240507,2024-05-07,2024,2,5,May,May-2024,19,7,Tuesday,False,FY25,Summer,False
20240508,2024-05-08,2024,2,5,May,May-2024,19,8,Wednesday,False,FY25,Summer,False
20240509,2024-05-09,2024,2,5,May,May-2024,19,9,Thursday,False,FY25,Summer,False
20240510,2024-05-10,2024,2,5,May,May-2024,19,10,Friday,False,FY25,Summer,False
20240511,2024-05-11,2024,2,5,May,May-2024,19,11,Saturday,True,FY25,Summer,False
20240512,2024-05-12,2024,2,5,May,May-2024,19,12,Sunday,True,FY25,Summer,False
20240513,2024-05-13,2024,2,5,May,May-2024,20,13,Monday,False,FY25,Summer,False
20240514,2024-05-14,2024,2,5,May,May-2024,20,14,Tuesday,False,FY25,Summer,False
20240515,2024-05-15,2024,2,5,May,May-2024,20,15,Wednesday,False,FY25,Summer,False
20240516,2024-05-16,2024,2,5,May,May-2024,20,16,Thursday,False,FY25,Summer,False
20240517,2024-05-17,2024,2,5,May,May-2024,20,17,Friday,False,FY25,Summer,False
20240518,2024-05-18,2024,2,5,May,May-2024,20,18,Saturday,True,FY25,Summer,False
20240519,2024-05-19,2024,2,5,May,May-2024,20,19,Sunday,True,FY25,Summer,False
20240520,2024-05-20,2024,2,5,May,May-2024,21,20,Monday,False,FY25,Summer,False
20240521,2024-05-21,2024,2,5,May,May-2024,21,21,Tuesday,False,FY25,Summer,False
20240522,2024-05-22,2024,2,5,May,May-2024,21,22,Wednesday,False,FY25,Summer,False
20240523,2024-05-23,2024,2,5,May,May-2024,21,23,Thursday,False,FY25,Summer,False
20240524,2024-05-24,2024,2,5,May,May-2024,21,24,Friday,False,FY25,Summer,False
20240525,2024-05-25,2024,2,5,May,May-2024,21,25,Saturday,True,FY25,Summer,False
20240526,2024-05-26,2024,2,5,May,May-2024,21,26,Sunday,True,FY25,Summer,False
20240527,2024-05-27,2024,2,5,May,May-2024,22,27,Monday,False,FY25,Summer,False
20240528,2024-05-28,2024,2,5,May,May-2024,22,28,Tuesday,False,FY25,Summer,False
20240529,2024-05-29,2024,2,5,May,May-2024,22,29,Wednesday,False,FY25,Summer,False
20240530,2024-05-30,2024,2,5,May,May-2024,22,30,Thursday,False,FY25,Summer,False
20240531,2024-05-31,2024,2,5,May,May-2024,22,31,Friday,False,FY25,Summer,False
20240601,2024-06-01,2024,2,6,Jun,Jun-2024,22,1,Saturday,True,FY25,Monsoon,False
20240602,2024-06-02,2024,2,6,Jun,Jun-2024,22,2,Sunday,True,FY25,Monsoon,False
20240603,2024-06-03,2024,2,6,Jun,Jun-2024,23,3,Monday,False,FY25,Monsoon,False
20240604,2024-06-04,2024,2,6,Jun,Jun-2024,23,4,Tuesday,False,FY25,Monsoon,False
20240605,2024-06-05,2024,2,6,Jun,Jun-2024,23,5,Wednesday,False,FY25,Monsoon,False
20240606,2024-06-06,2024,2,6,Jun,Jun-2024,23,6,Thursday,False,FY25,Monsoon,False
20240607,2024-06-07,2024,2,6,Jun,Jun-2024,23,7,Friday,False,FY25,Monsoon,False
20240608,2024-06-08,2024,2,6,Jun,Jun-2024,23,8,Saturday,True,FY25,Monsoon,False
20240609,2024-06-09,2024,2,6,Jun,Jun-2024,23,9,Sunday,True,FY25,Monsoon,False
20240610,2024-06-10,2024,2,6,Jun,Jun-2024,24,10,Monday,False,FY25,Monsoon,False
20240611,2024-06-11,2024,2,6,Jun,Jun-2024,24,11,Tuesday,False,FY25,Monsoon,False
20240612,2024-06-12,2024,2,6,Jun,Jun-2024,24,12,Wednesday,False,FY25,Monsoon,False
20240613,2024-06-13,2024,2,6,Jun,Jun-2024,24,13,Thursday,False,FY25,Monsoon,False
20240614,2024-06-14,2024,2,6,Jun,Jun-2024,24,14,Friday,False,FY25,Monsoon,False
20240615,2024-06-15,2024,2,6,Jun,Jun-2024,24,15,Saturday,True,FY25,Monsoon,False
20240616,2024-06-16,2024,2,6,Jun,Jun-2024,24,16,Sunday,True,FY25,Monsoon,False
20240617,2024-06-17,2024,2,6,Jun,Jun-2024,25,17,Monday,False,FY25,Monsoon,False
20240618,2024-06-18,2024,2,6,Jun,Jun-2024,25,18,Tuesday,False,FY25,Monsoon,False
20240619,2024-06-19,2024,2,6,Jun,Jun-2024,25,19,Wednesday,False,FY25,Monsoon,False
20240620,2024-06-20,2024,2,6,Jun,Jun-2024,25,20,Thursday,False,FY25,Monsoon,False
20240621,2024-06-21,2024,2,6,Jun,Jun-2024,25,21,Friday,False,FY25,Monsoon,False
20240622,2024-06-22,2024,2,6,Jun,Jun-2024,25,22,Saturday,True,FY25,Monsoon,False
20240623,2024-06-23,2024,2,6,Jun,Jun-2024,25,23,Sunday,True,FY25,Monsoon,False
20240624,2024-06-24,2024,2,6,Jun,Jun-2024,26,24,Monday,False,FY25,Monsoon,False
20240625,2024-06-25,2024,2,6,Jun,Jun-2024,26,25,Tuesday,False,FY25,Monsoon,False
20240626,2024-06-26,2024,2,6,Jun,Jun-2024,26,26,Wednesday,False,FY25,Monsoon,False
20240627,2024-06-27,2024,2,6,Jun,Jun-2024,26,27,Thursday,False,FY25,Monsoon,False
20240628,2024-06-28,2024,2,6,Jun,Jun-2024,26,28,Friday,False,FY25,Monsoon,False
20240629,2024-06-29,2024,2,6,Jun,Jun-2024,26,29,Saturday,True,FY25,Monsoon,False
20240630,2024-06-30,2024,2,6,Jun,Jun-2024,26,30,Sunday,True,FY25,Monsoon,False
20240701,2024-07-01,2024,3,7,Jul,Jul-2024,27,1,Monday,False,FY25,Monsoon,False
20240702,2024-07-02,2024,3,7,Jul,Jul-2024,27,2,Tuesday,False,FY25,Monsoon,False
20240703,2024-07-03,2024,3,7,Jul,Jul-2024,27,3,Wednesday,False,FY25,Monsoon,False
20240704,2024-07-04,2024,3,7,Jul,Jul-2024,27,4,Thursday,False,FY25,Monsoon,False
20240705,2024-07-05,2024,3,7,Jul,Jul-2024,27,5,Friday,False,FY25,Monsoon,False
20240706,2024-07-06,2024,3,7,Jul,Jul-2024,27,6,Saturday,True,FY25,Monsoon,False
20240707,2024-07-07,2024,3,7,Jul,Jul-2024,27,7,Sunday,True,FY25,Monsoon,False
20240708,2024-07-08,2024,3,7,Jul,Jul-2024,28,8,Monday,False,FY25,Monsoon,False
20240709,2024-07-09,2024,3,7,Jul,Jul-2024,28,9,Tuesday,False,FY25,Monsoon,False
20240710,2024-07-10,2024,3,7,Jul,Jul-2024,28,10,Wednesday,False,FY25,Monsoon,False
20240711,2024-07-11,2024,3,7,Jul,Jul-2024,28,11,Thursday,False,FY25,Monsoon,False
20240712,2024-07-12,2024,3,7,Jul,Jul-2024,28,12,Friday,False,FY25,Monsoon,False
20240713,2024-07-13,2024,3,7,Jul,Jul-2024,28,13,Saturday,True,FY25,Monsoon,False
20240714,2024-07-14,2024,3,7,Jul,Jul-2024,28,14,Sunday,True,FY25,Monsoon,False
20240715,2024-07-15,2024,3,7,Jul,Jul-2024,29,15,Monday,False,FY25,Monsoon,False
20240716,2024-07-16,2024,3,7,Jul,Jul-2024,29,16,Tuesday,False,FY25,Monsoon,False
20240717,2024-07-17,2024,3,7,Jul,Jul-2024,29,17,Wednesday,False,FY25,Monsoon,False
20240718,2024-07-18,2024,3,7,Jul,Jul-2024,29,18,Thursday,False,FY25,Monsoon,False
20240719,2024-07-19,2024,3,7,Jul,Jul-2024,29,19,Friday,False,FY25,Monsoon,False
20240720,2024-07-20,2024,3,7,Jul,Jul-2024,29,20,Saturday,True,FY25,Monsoon,False
20240721,2024-07-21,2024,3,7,Jul,Jul-2024,29,21,Sunday,True,FY25,Monsoon,False
20240722,2024-07-22,2024,3,7,Jul,Jul-2024,30,22,Monday,False,FY25,Monsoon,False
20240723,2024-07-23,2024,3,7,Jul,Jul-2024,30,23,Tuesday,False,FY25,Monsoon,False
20240724,2024-07-24,2024,3,7,Jul,Jul-2024,30,24,Wednesday,False,FY25,Monsoon,False
20240725,2024-07-25,2024,3,7,Jul,Jul-2024,30,25,Thursday,False,FY25,Monsoon,False
20240726,2024-07-26,2024,3,7,Jul,Jul-2024,30,26,Friday,False,FY25,Monsoon,False
20240727,2024-07-27,2024,3,7,Jul,Jul-2024,30,27,Saturday,True,FY25,Monsoon,False
20240728,2024-07-28,2024,3,7,Jul,Jul-2024,30,28,Sunday,True,FY25,Monsoon,False
20240729,2024-07-29,2024,3,7,Jul,Jul-2024,31,29,Monday,False,FY25,Monsoon,False
20240730,2024-07-30,2024,3,7,Jul,Jul-2024,31,30,Tuesday,False,FY25,Monsoon,False
20240731,2024-07-31,2024,3,7,Jul,Jul-2024,31,31,Wednesday,False,FY25,Monsoon,False
20240801,2024-08-01,2024,3,8,Aug,Aug-2024,31,1,Thursday,False,FY25,Monsoon,False
20240802,2024-08-02,2024,3,8,Aug,Aug-2024,31,2,Friday,False,FY25,Monsoon,False
20240803,2024-08-03,2024,3,8,Aug,Aug-2024,31,3,Saturday,True,FY25,Monsoon,False
20240804,2024-08-04,2024,3,8,Aug,Aug-2024,31,4,Sunday,True,FY25,Monsoon,False
20240805,2024-08-05,2024,3,8,Aug,Aug-2024,32,5,Monday,False,FY25,Monsoon,False
20240806,2024-08-06,2024,3,8,Aug,Aug-2024,32,6,Tuesday,False,FY25,Monsoon,False
20240807,2024-08-07,2024,3,8,Aug,Aug-2024,32,7,Wednesday,False,FY25,Monsoon,False
20240808,2024-08-08,2024,3,8,Aug,Aug-2024,32,8,Thursday,False,FY25,Monsoon,False
20240809,2024-08-09,2024,3,8,Aug,Aug-2024,32,9,Friday,False,FY25,Monsoon,False
20240810,2024-08-10,2024,3,8,Aug,Aug-2024,32,10,Saturday,True,FY25,Monsoon,False
20240811,2024-08-11,2024,3,8,Aug,Aug-2024,32,11,Sunday,True,FY25,Monsoon,False
20240812,2024-08-12,2024,3,8,Aug,Aug-2024,33,12,Monday,False,FY25,Monsoon,False
20240813,2024-08-13,2024,3,8,Aug,Aug-2024,33,13,Tuesday,False,FY25,Monsoon,False
20240814,2024-08-14,2024,3,8,Aug,Aug-2024,33,14,Wednesday,False,FY25,Monsoon,False
20240815,2024-08-15,2024,3,8,Aug,Aug-2024,33,15,Thursday,False,FY25,Monsoon,False
20240816,2024-08-16,2024,3,8,Aug,Aug-2024,33,16,Friday,False,FY25,Monsoon,False
20240817,2024-08-17,2024,3,8,Aug,Aug-2024,33,17,Saturday,True,FY25,Monsoon,False
20240818,2024-08-18,2024,3,8,Aug,Aug-2024,33,18,Sunday,True,FY25,Monsoon,False
20240819,2024-08-19,2024,3,8,Aug,Aug-2024,34,19,Monday,False,FY25,Monsoon,False
20240820,2024-08-20,2024,3,8,Aug,Aug-2024,34,20,Tuesday,False,FY25,Monsoon,False
20240821,2024-08-21,2024,3,8,Aug,Aug-2024,34,21,Wednesday,False,FY25,Monsoon,False
20240822,2024-08-22,2024,3,8,Aug,Aug-2024,34,22,Thursday,False,FY25,Monsoon,False
20240823,2024-08-23,2024,3,8,Aug,Aug-2024,34,23,Friday,False,FY25,Monsoon,False
20240824,2024-08-24,2024,3,8,Aug,Aug-2024,34,24,Saturday,True,FY25,Monsoon,False
20240825,2024-08-25,2024,3,8,Aug,Aug-2024,34,25,Sunday,True,FY25,Monsoon,False
20240826,2024-08-26,2024,3,8,Aug,Aug-2024,35,26,Monday,False,FY25,Monsoon,False
20240827,2024-08-27,2024,3,8,Aug,Aug-2024,35,27,Tuesday,False,FY25,Monsoon,False
20240828,2024-08-28,2024,3,8,Aug,Aug-2024,35,28,Wednesday,False,FY25,Monsoon,False
20240829,2024-08-29,2024,3,8,Aug,Aug-2024,35,29,Thursday,False,FY25,Monsoon,False
20240830,2024-08-30,2024,3,8,Aug,Aug-2024,35,30,Friday,False,FY25,Monsoon,False
20240831,2024-08-31,2024,3,8,Aug,Aug-2024,35,31,Saturday,True,FY25,Monsoon,False
20240901,2024-09-01,2024,3,9,Sep,Sep-2024,35,1,Sunday,True,FY25,Monsoon,False
20240902,2024-09-02,2024,3,9,Sep,Sep-2024,36,2,Monday,False,FY25,Monsoon,False
20240903,2024-09-03,2024,3,9,Sep,Sep-2024,36,3,Tuesday,False,FY25,Monsoon,False
20240904,2024-09-04,2024,3,9,Sep,Sep-2024,36,4,Wednesday,False,FY25,Monsoon,False
20240905,2024-09-05,2024,3,9,Sep,Sep-2024,36,5,Thursday,False,FY25,Monsoon,False
20240906,2024-09-06,2024,3,9,Sep,Sep-2024,36,6,Friday,False,FY25,Monsoon,False
20240907,2024-09-07,2024,3,9,Sep,Sep-2024,36,7,Saturday,True,FY25,Monsoon,False
20240908,2024-09-08,2024,3,9,Sep,Sep-2024,36,8,Sunday,True,FY25,Monsoon,False
20240909,2024-09-09,2024,3,9,Sep,Sep-2024,37,9,Monday,False,FY25,Monsoon,False
20240910,2024-09-10,2024,3,9,Sep,Sep-2024,37,10,Tuesday,False,FY25,Monsoon,False
20240911,2024-09-11,2024,3,9,Sep,Sep-2024,37,11,Wednesday,False,FY25,Monsoon,False
20240912,2024-09-12,2024,3,9,Sep,Sep-2024,37,12,Thursday,False,FY25,Monsoon,False
20240913,2024-09-13,2024,3,9,Sep,Sep-2024,37,13,Friday,False,FY25,Monsoon,False
20240914,2024-09-14,2024,3,9,Sep,Sep-2024,37,14,Saturday,True,FY25,Monsoon,False
20240915,2024-09-15,2024,3,9,Sep,Sep-2024,37,15,Sunday,True,FY25,Monsoon,False
20240916,2024-09-16,2024,3,9,Sep,Sep-2024,38,16,Monday,False,FY25,Monsoon,False
20240917,2024-09-17,2024,3,9,Sep,Sep-2024,38,17,Tuesday,False,FY25,Monsoon,False
20240918,2024-09-18,2024,3,9,Sep,Sep-2024,38,18,Wednesday,False,FY25,Monsoon,False
20240919,2024-09-19,2024,3,9,Sep,Sep-2024,38,19,Thursday,False,FY25,Monsoon,False
20240920,2024-09-20,2024,3,9,Sep,Sep-2024,38,20,Friday,False,FY25,Monsoon,False
20240921,2024-09-21,2024,3,9,Sep,Sep-2024,38,21,Saturday,True,FY25,Monsoon,False
20240922,2024-09-22,2024,3,9,Sep,Sep-2024,38,22,Sunday,True,FY25,Monsoon,False
20240923,2024-09-23,2024,3,9,Sep,Sep-2024,39,23,Monday,False,FY25,Monsoon,False
20240924,2024-09-24,2024,3,9,Sep,Sep-2024,39,24,Tuesday,False,FY25,Monsoon,False
20240925,2024-09-25,2024,3,9,Sep,Sep-2024,39,25,Wednesday,False,FY25,Monsoon,False
20240926,2024-09-26,2024,3,9,Sep,Sep-2024,39,26,Thursday,False,FY25,Monsoon,False
20240927,2024-09-27,2024,3,9,Sep,Sep-2024,39,27,Friday,False,FY25,Monsoon,False
20240928,2024-09-28,2024,3,9,Sep,Sep-2024,39,28,Saturday,True,FY25,Monsoon,False
20240929,2024-09-29,2024,3,9,Sep,Sep-2024,39,29,Sunday,True,FY25,Monsoon,False
20240930,2024-09-30,2024,3,9,Sep,Sep-2024,40,30,Monday,False,FY25,Monsoon,False
20241001,2024-10-01,2024,4,10,Oct,Oct-2024,40,1,Tuesday,False,FY25,Autumn,False
20241002,2024-10-02,2024,4,10,Oct,Oct-2024,40,2,Wednesday,False,FY25,Autumn,False
20241003,2024-10-03,2024,4,10,Oct,Oct-2024,40,3,Thursday,False,FY25,Autumn,True
20241004,2024-10-04,2024,4,10,Oct,Oct-2024,40,4,Friday,False,FY25,Autumn,True
20241005,2024-10-05,2024,4,10,Oct,Oct-2024,40,5,Saturday,True,FY25,Autumn,True
20241006,2024-10-06,2024,4,10,Oct,Oct-2024,40,6,Sunday,True,FY25,Autumn,True
20241007,2024-10-07,2024,4,10,Oct,Oct-2024,41,7,Monday,False,FY25,Autumn,True
20241008,2024-10-08,2024,4,10,Oct,Oct-2024,41,8,Tuesday,False,FY25,Autumn,True
20241009,2024-10-09,2024,4,10,Oct,Oct-2024,41,9,Wednesday,False,FY25,Autumn,True
20241010,2024-10-10,2024,4,10,Oct,Oct-2024,41,10,Thursday,False,FY25,Autumn,True
20241011,2024-10-11,2024,4,10,Oct,Oct-2024,41,11,Friday,False,FY25,Autumn,True
20241012,2024-10-12,2024,4,10,Oct,Oct-2024,41,12,Saturday,True,FY25,Autumn,True
20241013,2024-10-13,2024,4,10,Oct,Oct-2024,41,13,Sunday,True,FY25,Autumn,False
20241014,2024-10-14,2024,4,10,Oct,Oct-2024,42,14,Monday,False,FY25,Autumn,False
20241015,2024-10-15,2024,4,10,Oct,Oct-2024,42,15,Tuesday,False,FY25,Autumn,False
20241016,2024-10-16,2024,4,10,Oct,Oct-2024,42,16,Wednesday,False,FY25,Autumn,False
20241017,2024-10-17,2024,4,10,Oct,Oct-2024,42,17,Thursday,False,FY25,Autumn,False
20241018,2024-10-18,2024,4,10,Oct,Oct-2024,42,18,Friday,False,FY25,Autumn,False
20241019,2024-10-19,2024,4,10,Oct,Oct-2024,42,19,Saturday,True,FY25,Autumn,False
20241020,2024-10-20,2024,4,10,Oct,Oct-2024,42,20,Sunday,True,FY25,Autumn,False
20241021,2024-10-21,2024,4,10,Oct,Oct-2024,43,21,Monday,False,FY25,Autumn,False
20241022,2024-10-22,2024,4,10,Oct,Oct-2024,43,22,Tuesday,False,FY25,Autumn,True
20241023,2024-10-23,2024,4,10,Oct,Oct-2024,43,23,Wednesday,False,FY25,Autumn,True
20241024,2024-10-24,2024,4,10,Oct,Oct-2024,43,24,Thursday,False,FY25,Autumn,True
20241025,2024-10-25,2024,4,10,Oct,Oct-2024,43,25,Friday,False,FY25,Autumn,True
20241026,2024-10-26,2024,4,10,Oct,Oct-2024,43,26,Saturday,True,FY25,Autumn,True
20241027,2024-10-27,2024,4,10,Oct,Oct-2024,43,27,Sunday,True,FY25,Autumn,True
20241028,2024-10-28,2024,4,10,Oct,Oct-2024,44,28,Monday,False,FY25,Autumn,True
20241029,2024-10-29,2024,4,10,Oct,Oct-2024,44,29,Tuesday,False,FY25,Autumn,True
20241030,2024-10-30,2024,4,10,Oct,Oct-2024,44,30,Wednesday,False,FY25,Autumn,True
20241031,2024-10-31,2024,4,10,Oct,Oct-2024,44,31,Thursday,False,FY25,Autumn,True
20241101,2024-11-01,2024,4,11,Nov,Nov-2024,44,1,Friday,False,FY25,Winter,True
20241102,2024-11-02,2024,4,11,Nov,Nov-2024,44,2,Saturday,True,FY25,Winter,True
20241103,2024-11-03,2024,4,11,Nov,Nov-2024,44,3,Sunday,True,FY25,Winter,True
20241104,2024-11-04,2024,4,11,Nov,Nov-2024,45,4,Monday,False,FY25,Winter,True
20241105,2024-11-05,2024,4,11,Nov,Nov-2024,45,5,Tuesday,False,FY25,Winter,False
20241106,2024-11-06,2024,4,11,Nov,Nov-2024,45,6,Wednesday,False,FY25,Winter,False
20241107,2024-11-07,2024,4,11,Nov,Nov-2024,45,7,Thursday,False,FY25,Winter,False
20241108,2024-11-08,2024,4,11,Nov,Nov-2024,45,8,Friday,False,FY25,Winter,False
20241109,2024-11-09,2024,4,11,Nov,Nov-2024,45,9,Saturday,True,FY25,Winter,False
20241110,2024-11-10,2024,4,11,Nov,Nov-2024,45,10,Sunday,True,FY25,Winter,False
20241111,2024-11-11,2024,4,11,Nov,Nov-2024,46,11,Monday,False,FY25,Winter,False
20241112,2024-11-12,2024,4,11,Nov,Nov-2024,46,12,Tuesday,False,FY25,Winter,False
20241113,2024-11-13,2024,4,11,Nov,Nov-2024,46,13,Wednesday,False,FY25,Winter,False
20241114,2024-11-14,2024,4,11,Nov,Nov-2024,46,14,Thursday,False,FY25,Winter,False
20241115,2024-11-15,2024,4,11,Nov,Nov-2024,46,15,Friday,False,FY25,Winter,False
20241116,2024-11-16,2024,4,11,Nov,Nov-2024,46,16,Saturday,True,FY25,Winter,False
20241117,2024-11-17,2024,4,11,Nov,Nov-2024,46,17,Sunday,True,FY25,Winter,False
20241118,2024-11-18,2024,4,11,Nov,Nov-2024,47,18,Monday,False,FY25,Winter,False
20241119,2024-11-19,2024,4,11,Nov,Nov-2024,47,19,Tuesday,False,FY25,Winter,False
20241120,2024-11-20,2024,4,11,Nov,Nov-2024,47,20,Wednesday,False,FY25,Winter,False
20241121,2024-11-21,2024,4,11,Nov,Nov-2024,47,21,Thursday,False,FY25,Winter,False
20241122,2024-11-22,2024,4,11,Nov,Nov-2024,47,22,Friday,False,FY25,Winter,False
20241123,2024-11-23,2024,4,11,Nov,Nov-2024,47,23,Saturday,True,FY25,Winter,False
20241124,2024-11-24,2024,4,11,Nov,Nov-2024,47,24,Sunday,True,FY25,Winter,False
20241125,2024-11-25,2024,4,11,Nov,Nov-2024,48,25,Monday,False,FY25,Winter,False
20241126,2024-11-26,2024,4,11,Nov,Nov-2024,48,26,Tuesday,False,FY25,Winter,False
20241127,2024-11-27,2024,4,11,Nov,Nov-2024,48,27,Wednesday,False,FY25,Winter,False
20241128,2024-11-28,2024,4,11,Nov,Nov-2024,48,28,Thursday,False,FY25,Winter,False
20241129,2024-11-29,2024,4,11,Nov,Nov-2024,48,29,Friday,False,FY25,Winter,False
20241130,2024-11-30,2024,4,11,Nov,Nov-2024,48,30,Saturday,True,FY25,Winter,False
20241201,2024-12-01,2024,4,12,Dec,Dec-2024,48,1,Sunday,True,FY25,Winter,False
20241202,2024-12-02,2024,4,12,Dec,Dec-2024,49,2,Monday,False,FY25,Winter,False
20241203,2024-12-03,2024,4,12,Dec,Dec-2024,49,3,Tuesday,False,FY25,Winter,False
20241204,2024-12-04,2024,4,12,Dec,Dec-2024,49,4,Wednesday,False,FY25,Winter,False
20241205,2024-12-05,2024,4,12,Dec,Dec-2024,49,5,Thursday,False,FY25,Winter,False
20241206,2024-12-06,2024,4,12,Dec,Dec-2024,49,6,Friday,False,FY25,Winter,False
20241207,2024-12-07,2024,4,12,Dec,Dec-2024,49,7,Saturday,True,FY25,Winter,False
20241208,2024-12-08,2024,4,12,Dec,Dec-2024,49,8,Sunday,True,FY25,Winter,False
20241209,2024-12-09,2024,4,12,Dec,Dec-2024,50,9,Monday,False,FY25,Winter,False
20241210,2024-12-10,2024,4,12,Dec,Dec-2024,50,10,Tuesday,False,FY25,Winter,False
20241211,2024-12-11,2024,4,12,Dec,Dec-2024,50,11,Wednesday,False,FY25,Winter,False
20241212,2024-12-12,2024,4,12,Dec,Dec-2024,50,12,Thursday,False,FY25,Winter,False
20241213,2024-12-13,2024,4,12,Dec,Dec-2024,50,13,Friday,False,FY25,Winter,False
20241214,2024-12-14,2024,4,12,Dec,Dec-2024,50,14,Saturday,True,FY25,Winter,False
20241215,2024-12-15,2024,4,12,Dec,Dec-2024,50,15,Sunday,True,FY25,Winter,False
20241216,2024-12-16,2024,4,12,Dec,Dec-2024,51,16,Monday,False,FY25,Winter,False
20241217,2024-12-17,2024,4,12,Dec,Dec-2024,51,17,Tuesday,False,FY25,Winter,False
20241218,2024-12-18,2024,4,12,Dec,Dec-2024,51,18,Wednesday,False,FY25,Winter,False
20241219,2024-12-19,2024,4,12,Dec,Dec-2024,51,19,Thursday,False,FY25,Winter,False
20241220,2024-12-20,2024,4,12,Dec,Dec-2024,51,20,Friday,False,FY25,Winter,False
20241221,2024-12-21,2024,4,12,Dec,Dec-2024,51,21,Saturday,True,FY25,Winter,False
20241222,2024-12-22,2024,4,12,Dec,Dec-2024,51,22,Sunday,True,FY25,Winter,False
20241223,2024-12-23,2024,4,12,Dec,Dec-2024,52,23,Monday,False,FY25,Winter,False
20241224,2024-12-24,2024,4,12,Dec,Dec-2024,52,24,Tuesday,False,FY25,Winter,False
20241225,2024-12-25,2024,4,12,Dec,Dec-2024,52,25,Wednesday,False,FY25,Winter,False
20241226,2024-12-26,2024,4,12,Dec,Dec-2024,52,26,Thursday,False,FY25,Winter,False
20241227,2024-12-27,2024,4,12,Dec,Dec-2024,52,27,Friday,False,FY25,Winter,False
20241228,2024-12-28,2024,4,12,Dec,Dec-2024,52,28,Saturday,True,FY25,Winter,False
20241229,2024-12-29,2024,4,12,Dec,Dec-2024,52,29,Sunday,True,FY25,Winter,False
20241230,2024-12-30,2024,4,12,Dec,Dec-2024,1,30,Monday,False,FY25,Winter,False
20241231,2024-12-31,2024,4,12,Dec,Dec-2024,1,31,Tuesday,False,FY25,Winter,False
